flatType,supply,proj_id,price_range_upper,price_range_lower
2-Room Flexi,2,2021-05_SBF_QkJfTjFDMTVfMTYxOTUwOTg0NzQwMg,188100,60300
4-Room,1,2021-05_SBF_QkJfTjFDOUFfMTYyMDIxMDYwMDEwNA,275000,275000
2-Room Flexi,4,2021-05_SBF_QkJfTjJDMjFfMTYyMDQ1MzI0MDE0OA,98100,44200
4-Room,1,2021-05_SBF_QkJfTjJDMjNfMTYyMDM2MTMyMDM0Nw,361500,361500
"3-Room (Income Ceiling $7,000)",1,2021-05_SBF_QkJfTjJDN18xNjIwMjEwNjAwMTA0,184000,184000
4-Room,1,2021-05_SBF_QkJfTjNDM18xNjIwMjEwNjAwMTA2,265000,265000
2-Room Flexi,1,2021-05_SBF_QkJfTjNDMTNfMTYxOTUwOTg0NzUwMg,93100,57000
2-Room Flexi,6,2021-05_SBF_QkJfTjRDMjJfMTYxOTUwOTg0NzY5Ng,136100,33800
"3-Room (Income Ceiling $7,000)",4,2021-05_SBF_QkJfTjRDMjJfMTYxOTUwOTg0NzY5Ng,204500,189000
4-Room,9,2021-05_SBF_QkJfTjRDMjJfMTYxOTUwOTg0NzY5Ng,320500,278500
5-Room,3,2021-05_SBF_QkJfTjRDMjJfMTYxOTUwOTg0NzY5Ng,423600,411600
4-Room,1,2021-05_SBF_QkJfTjRDMTBfMTYyMDM2MTMyMDM2OQ,298800,298800
2-Room Flexi,9,2021-05_SBF_QkJfTjRDMThfMTYxOTUwOTg0NzY2OA,141000,36200
"3-Room (Income Ceiling $7,000)",1,2021-05_SBF_QkJfTjRDMThfMTYxOTUwOTg0NzY2OA,202400,202400
4-Room,6,2021-05_SBF_QkJfTjRDMThfMTYxOTUwOTg0NzY2OA,332900,294900
5-Room,6,2021-05_SBF_QkJfTjRDMThfMTYxOTUwOTg0NzY2OA,449700,416700
2-Room Flexi,1,2021-05_SBF_QkJfTjRDMTJfMTYxOTUwOTg0NzU0NQ,131100,45600
4-Room,1,2021-05_SBF_QkJfTjRDMTNfMTYyMDM2MTMyMDM3MQ,271300,271300
5-Room,1,2021-05_SBF_QkJfTjRDMTNfMTYyMDM2MTMyMDM3MQ,470900,470900
2-Room Flexi,1,2021-05_SBF_QkJfTjRDMTZfMTYyMDM2MTMyMDM3Mg,113000,37800
4-Room,2,2021-05_SBF_QkJfTjRDMTZfMTYyMDM2MTMyMDM3Mg,275800,265800
2-Room Flexi,2,2021-05_SBF_QkJfTjRDNV8xNjE5NTA5ODQ3NTA4,123400,39300
4-Room,2,2021-05_SBF_QkJfTjRDNV8xNjE5NTA5ODQ3NTA4,304600,303900
5-Room,1,2021-05_SBF_QkJfTjRDNV8xNjE5NTA5ODQ3NTA4,399900,399900
2-Room Flexi,1,2021-05_SBF_QkJfTjRDOF8xNjE5NTA5ODQ3NTI2,121400,40600
4-Room,3,2021-05_SBF_QkJfTjRDOF8xNjE5NTA5ODQ3NTI2,318300,290500
"3-Room (Income Ceiling $7,000)",1,2021-05_SBF_QkJfTjVDMV8xNjIwMjEwNjAwMTI2,154000,154000
Executive,1,2021-05_SBF_QkJfTjVDNl8xNjIwMjEwNjAwMTI3,445000,445000
4-Room,1,2021-05_SBF_QlBfTjJDMThfMTYyMDIxMDYwMDE5Nw,275000,275000
4-Room,1,2021-05_SBF_QlBfTjJDMTVfMTYyMDIxMDYwMDE5Ng,215000,215000
2-Room Flexi,4,2021-05_SBF_QlBfTjRDMTdfMTYyMDQ1NzAyMDEyNw,95300,40100
5-Room,1,2021-05_SBF_QlBfTjRDMTJfMTYxOTUwOTg0ODI5NA,337000,337000
4-Room,1,2021-05_SBF_QlBfTjRDMUFfMTYyMDIxMDYwMDE5Nw,265000,265000
4-Room,1,2021-05_SBF_QlBfTjVDMTBfMTYyMDIxMDYwMDE5OA,295000,295000
2-Room Flexi,5,2021-05_SBF_QlBfTjZDMTBfMTYyMDQ1NzAyMDEzMA,85000,42500
4-Room,3,2021-05_SBF_QlBfTjZDMTJfMTYxOTUwOTg0ODM0MQ,380200,329700
4-Room,1,2021-05_SBF_QlBfTjZDMTNfMTYxOTUwOTg0ODM1MQ,310400,310400
5-Room,1,2021-05_SBF_QlBfTjZDMTNfMTYxOTUwOTg0ODM1MQ,427900,427900
5-Room,2,2021-05_SBF_QlBfTjZDMTVfMTYxOTUwOTg0ODQwMQ,459900,402500
3Gen,2,2021-05_SBF_QlBfTjZDMTVfMTYxOTUwOTg0ODQwMQ,467500,454600
5-Room,1,2021-05_SBF_QlBfTjZDOF8xNjIwMjEwNjAwMjAw,447000,447000
2-Room Flexi,6,2021-05_SBF_Q0NLX040QzE0XzE2MjA0NTcwMjAxNDk,83400,39100
2-Room Flexi,2,2021-05_SBF_Q0NLX040QzE1XzE2MjA0NTcwMjAxNTA,84900,39200
2-Room Flexi,4,2021-05_SBF_Q0NLX041QzEyXzE2MjA0NTcwMjAxNTE,87200,44000
4-Room,1,2021-05_SBF_Q0NLX042QzEzXzE2MjAyMTA2MDAyMjI,215000,215000
5-Room,1,2021-05_SBF_Q0NLX042QzNfMTYyMDIxMDYwMDIyMg,397000,397000
5-Room,1,2021-05_SBF_Q0NLX044QzFfMTYyMDM2MTU2MDAzNg,425000,425000
4-Room,1,2021-05_SBF_Q0NLX044QzJfMTYyMDM2MTU2MDAzNw,305000,305000
4-Room,1,2021-05_SBF_Q0NLX044QzkxMF8xNjIwMzYxNTYwMDM5,331000,331000
5-Room,1,2021-05_SBF_Q0NLX044QzkxMF8xNjIwMzYxNTYwMDM5,435000,435000
4-Room,1,2021-05_SBF_Q0NLX044QzRfMTYyMDM2MTU2MDAzNw,315000,315000
5-Room,2,2021-05_SBF_Q0NLX044QzZfMTYxOTUwOTg0ODU4OA,368500,350300
2-Room Flexi,1,2021-05_SBF_Q0NLX04xQzE2XzE2MTk1MDk4NDg1MTE,132300,44400
"3-Room (Income Ceiling $7,000)",2,2021-05_SBF_Q0NLX04xQzE2XzE2MTk1MDk4NDg1MTE,215900,205400
4-Room,3,2021-05_SBF_Q0NLX04xQzE2XzE2MTk1MDk4NDg1MTE,335700,292800
4-Room,1,2021-05_SBF_Q0NLX04xQzFCXzE2MjAyMTA2MDAyMTY,265000,265000
"3-Room (Income Ceiling $7,000)",1,2021-05_SBF_Q0NLX04xQzFDXzE2MjAyMTA2MDAyMTc,174000,174000
4-Room,1,2021-05_SBF_Q0NLX04yQzExXzE2MjAyMTA2MDAyMTg,300000,300000
"3-Room (Income Ceiling $7,000)",1,2021-05_SBF_SEdfTjdDMV8xNjIwMjEwNjAwMjky,184000,184000
2-Room Flexi,3,2021-05_SBF_SEdfTjFDMV8xNjIwNDU3MjAwMDkz,62400,34500
"3-Room (Income Ceiling $7,000)",1,2021-05_SBF_SEdfTjFDMVVfMTYyMDIxMDYwMDI3Nw,204000,204000
2-Room Flexi,5,2021-05_SBF_SEdfTjlDMjFfMTYyMDIxMDYwMDI5NA,136200,43300
4-Room,2,2021-05_SBF_SEdfTjlDMjFfMTYyMDIxMDYwMDI5NA,320700,320500
4-Room,1,2021-05_SBF_SEdfTjlDMTBfMTYyMDIxMDYwMDI5Mw,260000,260000
2-Room Flexi,1,2021-05_SBF_SEdfTjlDMTVfMTYyMDIxMDYwMDI5Mw,157000,53300
2-Room Flexi,2,2021-05_SBF_SEdfTjlDMTZfMTYyMDIxMDYwMDI5NA,126400,41600
"3-Room (Income Ceiling $7,000)",2,2021-05_SBF_SEdfTjNDNEFfMTYyMDIxMDYwMDI3Nw,179400,160500
4-Room,1,2021-05_SBF_SEdfTjRDOF8xNjIwMjEwNjAwMjc4,289700,289700
2-Room Flexi,1,2021-05_SBF_SEdfTjVDMjNfMTYyMDQ1NzIwMDA5NQ,70800,44600
"3-Room (Income Ceiling $7,000)",1,2021-05_SBF_SEdfTjZDMTBBXzE2MjAyMTA2MDAyNzk,169000,169000
"3-Room (Income Ceiling $7,000)",1,2021-05_SBF_SEdfTjZDMTJBXzE2MjAyMTA2MDAyODA,194000,194000
"3-Room (Income Ceiling $7,000)",1,2021-05_SBF_SEdfTjZDMTVfMTYyMDIxMDYwMDI4MA,199000,199000
4-Room,1,2021-05_SBF_SEdfTjZDMTVfMTYyMDIxMDYwMDI4MA,305000,305000
Executive,1,2021-05_SBF_SEdfTjZDOV8xNjIwMjEwNjAwMjc5,585000,585000
4-Room,1,2021-05_SBF_SkVfTjJDM18xNjIwMjEwNjAwMjk1,305000,305000
2-Room Flexi,4,2021-05_SBF_SkVfTjNDMTJfMTYyMDQ1NzIwMDEwMg,109100,48000
"3-Room (Income Ceiling $7,000)",1,2021-05_SBF_SkVfTjRDM0NfMTYyMDIxMDYwMDI5Nw,144000,144000
4-Room,1,2021-05_SBF_SkVfTjRDOV8xNjIwMjEwNjAwMjk3,235000,235000
5-Room,1,2021-05_SBF_SldfTjdDMl8xNjIwMjEwNjAwMzI0,322000,322000
5-Room,1,2021-05_SBF_SldfTjdDOF8xNjIwMjEwNjAwMzM2,327000,327000
2-Room Flexi,2,2021-05_SBF_SldfTjFDMjlCXzE2MjAzNjE4MDAxNjA,146000,45000
4-Room,1,2021-05_SBF_SldfTjFDMjlCXzE2MjAzNjE4MDAxNjA,320000,320000
2-Room Flexi,1,2021-05_SBF_SldfTjFDMzBfMTYyMDQ1NzIwMDEyNg,76700,46300
2-Room Flexi,1,2021-05_SBF_SldfTjFDMzJfMTYxOTUwOTg0OTI5MA,143700,49800
"3-Room (Income Ceiling $7,000)",1,2021-05_SBF_SldfTjFDOV8xNjIwMjEwNjAwMjk4,144000,144000
5-Room,1,2021-05_SBF_SldfTjhDMl8xNjIwMjEwNjAwMzM3,347000,347000
5-Room,1,2021-05_SBF_SldfTjhDNF8xNjIwMjEwNjAwMzM4,342000,342000
4-Room,1,2021-05_SBF_SldfTjJDMTdfMTYyMDIxMDYwMDMwMg,353000,353000
3Gen,1,2021-05_SBF_SldfTjJDMTdfMTYyMDIxMDYwMDMwMg,419600,419600
"3-Room (Income Ceiling $7,000)",1,2021-05_SBF_SldfTjJDNV8xNjIwMjEwNjAwMzAx,144000,144000
5-Room,2,2021-05_SBF_SldfTjlDMjBfMTYyMDIxMDYwMDMzOQ,442500,429400
4-Room,1,2021-05_SBF_SldfTjlDMTRfMTYyMDIxMDYwMDMzOQ,323000,323000
"3-Room (Income Ceiling $7,000)",1,2021-05_SBF_SldfTjlDNF8xNjIwMjEwNjAwMzM4,174000,174000
2-Room Flexi,2,2021-05_SBF_SldfTjNDMzBCXzE2MjA0NTcyMDAxMjk,94400,54100
4-Room,1,2021-05_SBF_SldfTjRDM18xNjIwMjEwNjAwMzE3,245000,245000
2-Room Flexi,4,2021-05_SBF_SldfTjRDMjFfMTYyMDQ1NzIwMDEzMQ,101400,49300
"3-Room (Income Ceiling $7,000)",1,2021-05_SBF_SldfTjRDOF8xNjIwMjEwNjAwMzE4,184000,184000
4-Room,1,2021-05_SBF_SldfTjVDN18xNjIwMjEwNjAwMzIw,315000,315000
4-Room,1,2021-05_SBF_SldfTjZDM18xNjIwMjEwNjAwMzIy,315000,315000
5-Room,1,2021-05_SBF_SldfTjZDM18xNjIwMjEwNjAwMzIy,407000,407000
5-Room,1,2021-05_SBF_SldfTjZDMTFfMTYyMDIxMDYwMDMyMw,402000,402000
Executive,1,2021-05_SBF_SldfTjZDMTZfMTYxOTUwOTg0OTQxMA,470000,470000
5-Room,1,2021-05_SBF_SldfTjZDMV8xNjIwMjEwNjAwMzIx,457000,457000
5-Room,1,2021-05_SBF_SldfTjZDNF8xNjIwMjEwNjAwMzIy,417000,417000
4-Room,1,2021-05_SBF_UEdfUzFDMjJBXzE2MjAyMTA2MDAwMjM,265000,265000
4-Room,1,2021-05_SBF_UEdfUzFDMjRBXzE2MjAyMTA2MDAwMjQ,285000,285000
4-Room,1,2021-05_SBF_UEdfUzFDMjZfMTYyMDIxMDYwMDAyNA,290000,290000
4-Room,1,2021-05_SBF_UEdfUzFDMTBfMTYyMDIxMDYwMDM2Mw,265000,265000
4-Room,1,2021-05_SBF_UEdfUzFDMTdfMTYyMDIxMDYwMDM2Nw,245000,245000
5-Room,2,2021-05_SBF_UEdfUzFDMTJfMTYyMDIxMDYwMDM2NA,367000,357000
4-Room,1,2021-05_SBF_UEdfUzFDMTVfMTYyMDIxMDYwMDM2NA,275000,275000
5-Room,1,2021-05_SBF_UEdfUzFDMTZfMTYyMDIxMDYwMDM2Ng,357000,357000
5-Room,1,2021-05_SBF_UEdfUzFDMV8xNjIwMjEwNjAwMzYy,347000,347000
5-Room,1,2021-05_SBF_UEdfUzFDNl8xNjIwMjEwNjAwMzYz,337000,337000
5-Room,1,2021-05_SBF_UEdfUzFDOF8xNjIwMjEwNjAwMzYz,320100,320100
2-Room Flexi,2,2021-05_SBF_UEdfUzJDMTlfMTYyMDQ1NzM4MDA1MA,112000,65300
4-Room,2,2021-05_SBF_UEdfUzJDMzdfMTYyMDM2MTkyMDE1Mg,341400,325300
4-Room,3,2021-05_SBF_UEdfUzJDMzlfMTYyMDIxMTgwMDA2NA,352800,343000
5-Room,3,2021-05_SBF_UEdfUzJDMzlfMTYyMDIxMTgwMDA2NA,438300,410600
2-Room Flexi,1,2021-05_SBF_UEdfUzJDMzZfMTYxOTUwOTg0OTY1Nw,141600,46100
"3-Room (Income Ceiling $7,000)",1,2021-05_SBF_UEdfUzJDMzZfMTYxOTUwOTg0OTY1Nw,183300,183300
4-Room,1,2021-05_SBF_UEdfUzNDMzFfMTYyMDM2MTkyMDE1NQ,380000,380000
3Gen,1,2021-05_SBF_UEdfUzNDMzNfMTYyMDM2MTkyMDE1Ng,494400,494400
2-Room Flexi,3,2021-05_SBF_UEdfUzRDM18xNjE5NTA5ODQ5NzA1,164000,53400
4-Room,3,2021-05_SBF_UEdfUzRDM18xNjE5NTA5ODQ5NzA1,367400,330000
2-Room Flexi,1,2021-05_SBF_UEdfUzRDMl8xNjE5NTA5ODQ5Njc3,134000,46200
"3-Room (Income Ceiling $14,000)",1,2021-05_SBF_UEdfUzRDMl8xNjE5NTA5ODQ5Njc3,217200,217200
4-Room,6,2021-05_SBF_UEdfUzRDMl8xNjE5NTA5ODQ5Njc3,383500,358200
5-Room,4,2021-05_SBF_UEdfUzRDMl8xNjE5NTA5ODQ5Njc3,554800,476000
2-Room Flexi,15,2021-05_SBF_UEdfUzRDMTFfMTYxOTUwOTg0OTgwNQ,172800,46200
"3-Room (Income Ceiling $7,000)",3,2021-05_SBF_UEdfUzRDMTFfMTYxOTUwOTg0OTgwNQ,251700,214400
4-Room,9,2021-05_SBF_UEdfUzRDMTFfMTYxOTUwOTg0OTgwNQ,364500,320100
5-Room,4,2021-05_SBF_UEdfUzRDMTFfMTYxOTUwOTg0OTgwNQ,491900,451300
2-Room Flexi,7,2021-05_SBF_UEdfUzRDMTNfMTYxOTUwOTg0OTg0Ng,178800,46300
"3-Room (Income Ceiling $7,000)",3,2021-05_SBF_UEdfUzRDMTNfMTYxOTUwOTg0OTg0Ng,243000,232400
2-Room Flexi,12,2021-05_SBF_UEdfUzRDMTQtQzE1XzE2MTk1MDk4NDk4Njg,183700,47500
4-Room,11,2021-05_SBF_UEdfUzRDMTQtQzE1XzE2MTk1MDk4NDk4Njg,390600,327500
5-Room,8,2021-05_SBF_UEdfUzRDMTQtQzE1XzE2MTk1MDk4NDk4Njg,513400,467900
"3-Room (Income Ceiling $14,000)",2,2021-05_SBF_UEdfUzRDMV8xNjE5NTA5ODQ5NjYy,239300,235800
4-Room,5,2021-05_SBF_UEdfUzRDMV8xNjE5NTA5ODQ5NjYy,379300,329900
5-Room,2,2021-05_SBF_UEdfUzRDMV8xNjE5NTA5ODQ5NjYy,528100,496300
3Gen,1,2021-05_SBF_UEdfUzRDMV8xNjE5NTA5ODQ5NjYy,555400,555400
2-Room Flexi,1,2021-05_SBF_UEdfUzRDN18xNjE5NTA5ODQ5NzE2,150400,51900
4-Room,9,2021-05_SBF_UEdfUzRDN18xNjE5NTA5ODQ5NzE2,394900,357600
5-Room,3,2021-05_SBF_UEdfUzRDN18xNjE5NTA5ODQ5NzE2,512100,482700
2-Room Flexi,1,2021-05_SBF_UEdfUzRDNF8xNjE5NTA5ODQ5NzA5,134700,46800
4-Room,1,2021-05_SBF_UEdfUzRDNF8xNjE5NTA5ODQ5NzA5,364100,364100
5-Room,3,2021-05_SBF_UEdfUzRDNF8xNjE5NTA5ODQ5NzA5,523400,451200
2-Room Flexi,1,2021-05_SBF_UEdfUzRDNl8xNjE5NTA5ODQ5NzEz,161300,55600
"3-Room (Income Ceiling $7,000)",2,2021-05_SBF_UEdfUzRDNl8xNjE5NTA5ODQ5NzEz,248100,219400
4-Room,3,2021-05_SBF_UEdfUzRDNl8xNjE5NTA5ODQ5NzEz,382400,365900
5-Room,3,2021-05_SBF_UEdfUzRDNl8xNjE5NTA5ODQ5NzEz,502100,450800
4-Room,3,2021-05_SBF_UEdfUzRDNV8xNjIwMjExODAwMDY4,352400,322100
5-Room,2,2021-05_SBF_UEdfUzRDNV8xNjIwMjExODAwMDY4,478300,467500
2-Room Flexi,2,2021-05_SBF_UEdfUzRDOF8xNjE5NTA5ODQ5Nzg3,118100,42900
"3-Room (Income Ceiling $7,000)",1,2021-05_SBF_UEdfUzRDOF8xNjE5NTA5ODQ5Nzg3,222100,222100
4-Room,1,2021-05_SBF_UEdfUzRDOF8xNjE5NTA5ODQ5Nzg3,341800,341800
4-Room,1,2021-05_SBF_UEdfUzZDMjBfMTYyMDIxMTgwMDEwNw,299200,299200
4-Room,1,2021-05_SBF_UEdfUzZDMjlfMTYyMDIxMTgwMDEwNw,260000,260000
4-Room,1,2021-05_SBF_UEdfUzZDMzlCXzE2MjAzNjE5MjAwMjA,320100,320100
5-Room,1,2021-05_SBF_UEdfUzZDMzVfMTYyMDM2MTkyMDE5Mw,407500,407500
4-Room,2,2021-05_SBF_UEdfUzZDMzZfMTYyMDIxMTgwMDEwOA,340000,335000
5-Room,1,2021-05_SBF_UEdfUzZDMzZfMTYyMDIxMTgwMDEwOA,429700,429700
2-Room Flexi,1,2021-05_SBF_UEdfUzZDNDBfMTYyMDQ1NzM4MDA5Ng,102900,62900
2-Room Flexi,13,2021-05_SBF_UEdfUzZDNDhfMTYxOTUwOTg0OTg5NA,165900,39300
"3-Room (Income Ceiling $7,000)",3,2021-05_SBF_UEdfUzZDNDhfMTYxOTUwOTg0OTg5NA,242500,229400
4-Room,31,2021-05_SBF_UEdfUzZDNDhfMTYxOTUwOTg0OTg5NA,352700,306400
2-Room Flexi,22,2021-05_SBF_UEdfUzZDNDlfMTYxOTUwOTg0OTkzMA,157300,45500
"3-Room (Income Ceiling $7,000)",2,2021-05_SBF_UEdfUzZDNDlfMTYxOTUwOTg0OTkzMA,232600,231600
4-Room,25,2021-05_SBF_UEdfUzZDNDlfMTYxOTUwOTg0OTkzMA,358200,304400
5-Room,4,2021-05_SBF_UEdfUzZDNDlfMTYxOTUwOTg0OTkzMA,426600,380100
3Gen,3,2021-05_SBF_UEdfUzZDNDlfMTYxOTUwOTg0OTkzMA,444200,381100
4-Room,1,2021-05_SBF_U0JfTjFDMl8xNjIwMzYzNDgwMDc4,292300,292300
5-Room,1,2021-05_SBF_U0JfTjFDMTBfMTYyMDM2MzQ4MDA4MQ,359900,359900
2-Room Flexi,1,2021-05_SBF_U0JfTjFDMTJfMTYxOTUwOTg1MDMyOA,146100,50600
4-Room,2,2021-05_SBF_U0JfTjFDMTNfMTYxOTUwOTg1MDM0Mg,306700,283200
2-Room Flexi,2,2021-05_SBF_U0JfTjFDMV8xNjE5NTA5ODUwMjQ0,116000,39900
4-Room,3,2021-05_SBF_U0JfTjFDMV8xNjE5NTA5ODUwMjQ0,306300,281300
5-Room,2,2021-05_SBF_U0JfTjFDMV8xNjE5NTA5ODUwMjQ0,353500,335500
4-Room,1,2021-05_SBF_U0JfTjFDN18xNjIwMzYzNDgwMDgw,290900,290900
5-Room,2,2021-05_SBF_U0JfTjFDNF8xNjIwMzYzNDgwMDc5,373000,357600
4-Room,1,2021-05_SBF_U0JfTjFDNl8xNjE5NTA5ODUwMjk2,340600,340600
5-Room,1,2021-05_SBF_U0JfTjFDOV8xNjE5NTA5ODUwMzAy,377400,377400
2-Room Flexi,4,2021-05_SBF_U0JfTjJDM18xNjE5NTA5ODUwMzQ4,137100,33800
"3-Room (Income Ceiling $7,000)",1,2021-05_SBF_U0JfTjJDM18xNjE5NTA5ODUwMzQ4,208000,208000
4-Room,9,2021-05_SBF_U0JfTjJDM18xNjE5NTA5ODUwMzQ4,320000,290400
5-Room,2,2021-05_SBF_U0JfTjJDM18xNjE5NTA5ODUwMzQ4,405900,399600
3Gen,1,2021-05_SBF_U0JfTjJDM18xNjE5NTA5ODUwMzQ4,390300,390300
Executive,1,2021-05_SBF_U0JfTjNDMTVfMTYyMDIxMjEwMDA5Ng,485000,485000
4-Room,1,2021-05_SBF_U0JfTjNDN18xNjIwMzYzNDgwMDkz,278300,278300
4-Room,1,2021-05_SBF_U0JfTjRDNV8xNjE5NTA5ODUwNDEx,255000,255000
5-Room,1,2021-05_SBF_U0tfTjFDMjJfMTYyMDIxMjEwMDA5OA,357000,357000
5-Room,1,2021-05_SBF_U0tfTjFDMTBfMTYyMDIxMjEwMDA5Nw,342000,342000
2-Room Flexi,7,2021-05_SBF_U0tfTjFDMzBfMTYxOTUwOTg1MDQ1OA,139000,35200
"3-Room (Income Ceiling $7,000)",2,2021-05_SBF_U0tfTjFDMzBfMTYxOTUwOTg1MDQ1OA,208400,204300
4-Room,2,2021-05_SBF_U0tfTjFDMzBfMTYxOTUwOTg1MDQ1OA,347500,326700
5-Room,8,2021-05_SBF_U0tfTjFDMzBfMTYxOTUwOTg1MDQ1OA,424200,372400
4-Room,1,2021-05_SBF_U0tfTjJDMTlfMTYxOTUwOTg1MDQ4Nw,265000,265000
5-Room,1,2021-05_SBF_U0tfTjJDMV8xNjIwMjEyMTAwMDk5,392000,392000
2-Room Flexi,2,2021-05_SBF_U0tfTjJDNDBfMTYyMDIxMjEwMDExMQ,113400,64100
4-Room,1,2021-05_SBF_U0tfTjJDNDBfMTYyMDIxMjEwMDExMQ,445000,445000
2-Room Flexi,2,2021-05_SBF_U0tfTjJDNDNBXzE2MjAzNjM0ODAxMDQ,78400,45500
4-Room,1,2021-05_SBF_U0tfTjJDNDNBXzE2MjAzNjM0ODAxMDQ,342800,342800
5-Room,1,2021-05_SBF_U0tfTjJDNDNBXzE2MjAzNjM0ODAxMDQ,426000,426000
4-Room,1,2021-05_SBF_U0tfTjJDNDVfMTYyMDM2MzQ4MDEwNA,358100,358100
Executive,1,2021-05_SBF_U0tfTjNDM18xNjE5NTA5ODUwNTAx,485000,485000
4-Room,2,2021-05_SBF_U0tfTjNDMjdfMTYyMDM2MzQ4MDEwNw,328600,318100
5-Room,1,2021-05_SBF_U0tfTjNDMjdfMTYyMDM2MzQ4MDEwNw,428600,428600
2-Room Flexi,5,2021-05_SBF_U0tfTjNDMjhBXzE2MTk1MDk4NTA1MTM,159700,38000
4-Room,2,2021-05_SBF_U0tfTjNDMjhBXzE2MTk1MDk4NTA1MTM,366100,363700
5-Room,1,2021-05_SBF_U0tfTjNDMjhBXzE2MTk1MDk4NTA1MTM,431200,431200
4-Room,1,2021-05_SBF_U0tfTjNDMjhfMTYyMDM2MzQ4MDEwNw,319600,319600
2-Room Flexi,3,2021-05_SBF_U0tfTjNDMjlfMTYxOTUwOTg1MDUzMA,157400,42800
"3-Room (Income Ceiling $7,000)",2,2021-05_SBF_U0tfTjNDMjlfMTYxOTUwOTg1MDUzMA,240600,240200
4-Room,1,2021-05_SBF_U0tfTjNDMThfMTYyMDIxMjEwMDExMg,340000,340000
2-Room Flexi,1,2021-05_SBF_U0tfTjNDMTlfMTYyMDQ1NzU2MDA3NA,97700,58300
5-Room,1,2021-05_SBF_U0tfTjNDOF8xNjIwMjEyMTAwMTEy,367000,367000
2-Room Flexi,1,2021-05_SBF_U0tfTjRDMjdfMTYyMDIxMjEwMDExNw,80400,49100
4-Room,1,2021-05_SBF_U0tfTjRDMjdfMTYyMDIxMjEwMDExNw,340000,340000
2-Room Flexi,4,2021-05_SBF_U0tfTjRDMjJfMTYxOTUwOTg1MDU1MA,147100,42900
"3-Room (Income Ceiling $7,000)",3,2021-05_SBF_U0tfTjRDMjJfMTYxOTUwOTg1MDU1MA,234700,211700
4-Room,9,2021-05_SBF_U0tfTjRDMjJfMTYxOTUwOTg1MDU1MA,333500,289600
5-Room,6,2021-05_SBF_U0tfTjRDMjJfMTYxOTUwOTg1MDU1MA,429800,369400
3Gen,2,2021-05_SBF_U0tfTjRDMjJfMTYxOTUwOTg1MDU1MA,441600,435200
4-Room,1,2021-05_SBF_U0tfTjRDMl8xNjIwMjEyMTAwMTE1,310000,310000
4-Room,1,2021-05_SBF_U0tfTjRDMTJfMTYyMDIxMjEwMDExNQ,345000,345000
2-Room Flexi,2,2021-05_SBF_U0tfTjRDMzBfMTYxOTUwOTg1MDU5NA,136000,33100
"3-Room (Income Ceiling $7,000)",1,2021-05_SBF_U0tfTjRDMzBfMTYxOTUwOTg1MDU5NA,196100,196100
4-Room,3,2021-05_SBF_U0tfTjRDMzBfMTYxOTUwOTg1MDU5NA,318500,305400
5-Room,1,2021-05_SBF_U0tfTjRDMzBfMTYxOTUwOTg1MDU5NA,383200,383200
2-Room Flexi,7,2021-05_SBF_U0tfTjRDMzFfMTYxOTUwOTg1MDYxMQ,150200,42500
"3-Room (Income Ceiling $7,000)",1,2021-05_SBF_U0tfTjRDMzFfMTYxOTUwOTg1MDYxMQ,213200,213200
4-Room,8,2021-05_SBF_U0tfTjRDMzFfMTYxOTUwOTg1MDYxMQ,330800,295400
5-Room,2,2021-05_SBF_U0tfTjRDMzFfMTYxOTUwOTg1MDYxMQ,420700,404500
3Gen,1,2021-05_SBF_U0tfTjRDMzFfMTYxOTUwOTg1MDYxMQ,443100,443100
2-Room Flexi,4,2021-05_SBF_U0tfTjRDMzlfMTYxOTUwOTg1MDcwMA,145000,43000
"3-Room (Income Ceiling $7,000)",6,2021-05_SBF_U0tfTjRDMzlfMTYxOTUwOTg1MDcwMA,233900,207900
4-Room,2,2021-05_SBF_U0tfTjRDMzlfMTYxOTUwOTg1MDcwMA,326600,322600
5-Room,2,2021-05_SBF_U0tfTjRDMzlfMTYxOTUwOTg1MDcwMA,420600,407100
4-Room,5,2021-05_SBF_U0tfTjRDNDFfMTYxOTUwOTg1MDcyMg,346600,284900
5-Room,2,2021-05_SBF_U0tfTjRDNDFfMTYxOTUwOTg1MDcyMg,456300,429900
2-Room Flexi,2,2021-05_SBF_VEdfRDFDMl8xNjE5NTA5ODUxNDkz,144400,46600
4-Room,8,2021-05_SBF_VEdfRDFDMl8xNjE5NTA5ODUxNDkz,343900,308200
5-Room,3,2021-05_SBF_VEdfRDFDMl8xNjE5NTA5ODUxNDkz,452800,433200
3Gen,1,2021-05_SBF_VEdfRDFDMl8xNjE5NTA5ODUxNDkz,478800,478800
2-Room Flexi,175,2021-05_SBF_VEdfRDFDMV8xNjE5NTA5ODUxMTE5,160600,40200
"3-Room (Income Ceiling $7,000)",23,2021-05_SBF_VEdfRDFDMV8xNjE5NTA5ODUxMTE5,250900,218200
4-Room,12,2021-05_SBF_VEdfRDFDMV8xNjE5NTA5ODUxMTE5,375700,332100
5-Room,15,2021-05_SBF_VEdfRDFDMV8xNjE5NTA5ODUxMTE5,498200,441000
2-Room Flexi,2,2021-05_SBF_VEdfRDFDNF8xNjE5NTA5ODUxOTIx,149800,50500
"3-Room (Income Ceiling $7,000)",1,2021-05_SBF_VEdfRDFDNF8xNjE5NTA5ODUxOTIx,234600,234600
4-Room,3,2021-05_SBF_VEdfRDFDNF8xNjE5NTA5ODUxOTIx,347900,321800
5-Room,5,2021-05_SBF_VEdfRDFDNF8xNjE5NTA5ODUxOTIx,473000,425900
2-Room Flexi,3,2021-05_SBF_VEdfRDJDMl8xNjE5NTA5ODU0ODQ3,151500,51800
"3-Room (Income Ceiling $7,000)",2,2021-05_SBF_VEdfRDJDMl8xNjE5NTA5ODU0ODQ3,245600,229700
4-Room,4,2021-05_SBF_VEdfRDJDMl8xNjE5NTA5ODU0ODQ3,348700,323600
5-Room,3,2021-05_SBF_VEdfRDJDMl8xNjE5NTA5ODU0ODQ3,475700,475400
2-Room Flexi,342,2021-05_SBF_VEdfRDJDMV8xNjE5NTA5ODUyMDQ3,151800,38400
"3-Room (Income Ceiling $7,000)",57,2021-05_SBF_VEdfRDJDMV8xNjE5NTA5ODUyMDQ3,241400,210500
4-Room,4,2021-05_SBF_VEdfRDJDMV8xNjE5NTA5ODUyMDQ3,345500,314200
5-Room,8,2021-05_SBF_VEdfRDJDMV8xNjE5NTA5ODUyMDQ3,473200,408500
2-Room Flexi,1,2021-05_SBF_V0xfTjdDMjdfMTYyMDIxOTYwMDA4Mg,117000,45200
"3-Room (Income Ceiling $7,000)",4,2021-05_SBF_V0xfTjdDMjdfMTYyMDIxOTYwMDA4Mg,208900,191400
4-Room,1,2021-05_SBF_V0xfTjdDMjdfMTYyMDIxOTYwMDA4Mg,299600,299600
5-Room,2,2021-05_SBF_V0xfTjdDMjdfMTYyMDIxOTYwMDA4Mg,354500,342200
4-Room,1,2021-05_SBF_V0xfTjdDMjFfMTYyMDIxOTYwMDA4Mg,255000,255000
4-Room,1,2021-05_SBF_V0xfTjdDMjlfMTYyMDM2Mzg0MDA0OA,277100,277100
4-Room,1,2021-05_SBF_V0xfTjdDMl8xNjIwMjEyNDAwMDc2,275000,275000
5-Room,1,2021-05_SBF_V0xfTjdDMTlfMTYyMDIxOTYwMDA4MQ,357000,357000
4-Room,1,2021-05_SBF_V0xfTjdDMTRfMTYyMDIxMjQwMDA3Nw,265000,265000
4-Room,1,2021-05_SBF_V0xfTjdDMzBfMTYyMDM2Mzg0MDA0OA,256200,256200
2-Room Flexi,2,2021-05_SBF_V0xfTjdDMzJfMTYyMDQ1Nzc0MDAyMw,64000,33500
4-Room,1,2021-05_SBF_V0xfTjdDOF8xNjIwMjEyNDAwMDc3,255000,255000
"3-Room (Income Ceiling $7,000)",1,2021-05_SBF_V0xfTjFDM18xNjIwMjEyNDAwMjU2,189000,189000
4-Room,1,2021-05_SBF_V0xfTjFDM18xNjIwMjEyNDAwMjU2,215000,215000
2-Room Flexi,7,2021-05_SBF_V0xfTjFDMjVfMTYyMDIxMjQwMDI1OQ,141000,38000
4-Room,4,2021-05_SBF_V0xfTjFDMjVfMTYyMDIxMjQwMDI1OQ,330800,285400
5-Room,2,2021-05_SBF_V0xfTjFDMjVfMTYyMDIxMjQwMDI1OQ,375300,366600
2-Room Flexi,1,2021-05_SBF_V0xfTjFDMjZfMTYyMDM2MzYwMDE4NA,81700,27300
5-Room,1,2021-05_SBF_V0xfTjFDMjZfMTYyMDM2MzYwMDE4NA,339300,339300
2-Room Flexi,4,2021-05_SBF_V0xfTjFDMTlfMTYyMDIxMjQwMDI1OA,94700,40400
"3-Room (Income Ceiling $7,000)",2,2021-05_SBF_V0xfTjFDMTlfMTYyMDIxMjQwMDI1OA,245600,224600
"3-Room (Income Ceiling $7,000)",1,2021-05_SBF_V0xfTjFDN18xNjIwMjEyNDAwMjU3,164000,164000
5-Room,1,2021-05_SBF_V0xfTjFDOV8xNjIwMjEyNDAwMjU3,367000,367000
2-Room Flexi,2,2021-05_SBF_V0xfTjhDMjBfMTYyMDQ1ODEwMDA1OQ,71000,42000
5-Room,1,2021-05_SBF_V0xfTjhDMl8xNjIwMjE5NjAwMDk2,357000,357000
Executive,1,2021-05_SBF_V0xfTjhDMThfMTYyMDIxOTYwMDA5Nw,495000,495000
5-Room,1,2021-05_SBF_V0xfTjhDNUFfMTYyMDIxOTYwMDA5Nw,387000,387000
"3-Room (Income Ceiling $7,000)",1,2021-05_SBF_V0xfTjJDMV8xNjIwMjEyNDAwMjYw,124000,124000
"3-Room (Income Ceiling $7,000)",1,2021-05_SBF_V0xfTjJDNV8xNjIwMjEyNDAwMjYw,184000,184000
2-Room Flexi,2,2021-05_SBF_V0xfTjNDMTRfMTYyMDQ1Nzc0MDI3NA,96400,49400
2-Room Flexi,3,2021-05_SBF_V0xfTjVDMjFfMTYyMDIxMjQwMDA3Mw,94000,50200
2-Room Flexi,4,2021-05_SBF_V0xfTjVDMjRfMTYyMDIxMjQwMDA3Mw,139500,32600
"3-Room (Income Ceiling $7,000)",2,2021-05_SBF_V0xfTjVDMjRfMTYyMDIxMjQwMDA3Mw,197600,179600
4-Room,3,2021-05_SBF_V0xfTjVDMjRfMTYyMDIxMjQwMDA3Mw,309200,303000
5-Room,2,2021-05_SBF_V0xfTjVDMjRfMTYyMDIxMjQwMDA3Mw,402800,383300
4-Room,1,2021-05_SBF_V0xfTjVDMTVfMTYyMDIxMjQwMDI2Mw,235000,235000
4-Room,1,2021-05_SBF_V0xfTjVDMTZfMTYyMDM2MzYwMDE5OQ,293000,293000
4-Room,1,2021-05_SBF_V0xfTjVDNl8xNjIwMjEyNDAwMjYy,260000,260000
4-Room,2,2021-05_SBF_V0xfTjZDMjJfMTYyMDM2Mzg0MDA0MQ,292900,274300
5-Room,1,2021-05_SBF_V0xfTjZDMjJfMTYyMDM2Mzg0MDA0MQ,349300,349300
4-Room,1,2021-05_SBF_V0xfTjZDMTdfMTYyMDIxMjQwMDA3Ng,250000,250000
5-Room,1,2021-05_SBF_V0xfTjZDMTlfMTYyMDIxMjQwMDA3Ng,357000,357000
5-Room,1,2021-05_SBF_V0xfTjZDMTNfMTYyMDIxMjQwMDA3NQ,347000,347000
4-Room,1,2021-05_SBF_V0xfTjZDMV8xNjIwMjEyNDAwMDc0,260000,260000
4-Room,1,2021-05_SBF_V0xfTjZDNV8xNjIwMjEyNDAwMDc1,235000,235000
"3-Room (Income Ceiling $7,000)",1,2021-05_SBF_WVNfTjdDMl8xNjIwMjE5NjAwMDc2,189000,189000
2-Room Flexi,5,2021-05_SBF_WVNfTjdDMThfMTYyMDIxOTYwMDA4MA,95400,52600
"3-Room (Income Ceiling $7,000)",1,2021-05_SBF_WVNfTjdDMTRfMTYyMDIxOTYwMDA3OQ,174000,174000
"3-Room (Income Ceiling $7,000)",1,2021-05_SBF_WVNfTjdDNl8xNjIwMjE5NjAwMDc4,194000,194000
4-Room,1,2021-05_SBF_WVNfTjdDNl8xNjIwMjE5NjAwMDc4,316000,316000
4-Room,1,2021-05_SBF_WVNfTjdDNV8xNjIwMjE5NjAwMDc4,265000,265000
4-Room,1,2021-05_SBF_WVNfTjdDOF8xNjIwMjE5NjAwMDc5,299200,299200
4-Room,1,2021-05_SBF_WVNfTjFDMTVfMTYyMDIxOTYwMDA5OQ,205000,205000
"3-Room (Income Ceiling $7,000)",1,2021-05_SBF_WVNfTjFDNV8xNjIwMjE5NjAwMDk4,194000,194000
"3-Room (Income Ceiling $7,000)",1,2021-05_SBF_WVNfTjFDOF8xNjIwMjE5NjAwMDk5,184000,184000
"3-Room (Income Ceiling $7,000)",1,2021-05_SBF_WVNfTjJDNl8xNjIwMjE5NjAwMTAw,194000,194000
4-Room,1,2021-05_SBF_WVNfTjJDNl8xNjIwMjE5NjAwMTAw,285000,285000
"3-Room (Income Ceiling $7,000)",1,2021-05_SBF_WVNfTjNDM18xNjIwMjE5NjAwMTAx,204000,204000
2-Room Flexi,7,2021-05_SBF_WVNfTjNDMjFfMTYxOTUwOTg1NTU5OA,91100,44300
2-Room Flexi,2,2021-05_SBF_WVNfTjNDMjNfMTYyMDQ1ODEwMDA2NA,77000,43000
2-Room Flexi,3,2021-05_SBF_WVNfTjNDMjVfMTYxOTUwOTg1NTYxNQ,139800,42400
"3-Room (Income Ceiling $7,000)",1,2021-05_SBF_WVNfTjNDMjVfMTYxOTUwOTg1NTYxNQ,186800,186800
4-Room,4,2021-05_SBF_WVNfTjNDMjVfMTYxOTUwOTg1NTYxNQ,316900,294300
5-Room,4,2021-05_SBF_WVNfTjNDMjVfMTYxOTUwOTg1NTYxNQ,422000,395800
4-Room,1,2021-05_SBF_WVNfTjNDMTVfMTYyMDIxOTYwMDEwMQ,220000,220000
4-Room,1,2021-05_SBF_WVNfTjNDMTZfMTYyMDIxOTYwMDEwMg,241000,241000
2-Room Flexi,3,2021-05_SBF_WVNfTjRDMjBfMTYxOTUwOTg1NTY3NA,116000,40600
4-Room,3,2021-05_SBF_WVNfTjRDMjBfMTYxOTUwOTg1NTY3NA,294300,278600
2-Room Flexi,6,2021-05_SBF_WVNfTjRDMjFBLUMyMUJfMTYxOTUwOTg1NTY4MQ,126100,36100
"3-Room (Income Ceiling $7,000)",2,2021-05_SBF_WVNfTjRDMjFBLUMyMUJfMTYxOTUwOTg1NTY4MQ,195600,178400
4-Room,3,2021-05_SBF_WVNfTjRDMjFBLUMyMUJfMTYxOTUwOTg1NTY4MQ,294300,289100
5-Room,1,2021-05_SBF_WVNfTjRDMjFBLUMyMUJfMTYxOTUwOTg1NTY4MQ,401900,401900
2-Room Flexi,2,2021-05_SBF_WVNfTjRDMjJfMTYxOTUwOTg1NTcwMQ,130500,42400
"3-Room (Income Ceiling $7,000)",2,2021-05_SBF_WVNfTjRDMjJfMTYxOTUwOTg1NTcwMQ,199900,182400
4-Room,7,2021-05_SBF_WVNfTjRDMjJfMTYxOTUwOTg1NTcwMQ,299700,287600
4-Room,1,2021-05_SBF_WVNfTjRDMl8xNjIwMjE5NjAwMTA1,265000,265000
2-Room Flexi,3,2021-05_SBF_WVNfTjRDMTdfMTYxOTUwOTg1NTYzNw,117900,34500
4-Room,1,2021-05_SBF_WVNfTjRDMTdfMTYxOTUwOTg1NTYzNw,267100,267100
2-Room Flexi,2,2021-05_SBF_WVNfTjRDMThfMTYxOTUwOTg1NTY0MA,126600,39000
4-Room,4,2021-05_SBF_WVNfTjRDMThfMTYxOTUwOTg1NTY0MA,281400,273100
5-Room,2,2021-05_SBF_WVNfTjRDMThfMTYxOTUwOTg1NTY0MA,400300,398700
3Gen,1,2021-05_SBF_WVNfTjRDMThfMTYxOTUwOTg1NTY0MA,411800,411800
2-Room Flexi,4,2021-05_SBF_WVNfTjRDMTlfMTYxOTUwOTg1NTY2OQ,126300,38300
"3-Room (Income Ceiling $7,000)",1,2021-05_SBF_WVNfTjRDMTlfMTYxOTUwOTg1NTY2OQ,189300,189300
4-Room,1,2021-05_SBF_WVNfTjRDMTlfMTYxOTUwOTg1NTY2OQ,273100,273100
2-Room Flexi,1,2021-05_SBF_WVNfTjRDNF8xNjIwNDU4MTAwMDc4,77000,47100
4-Room,1,2021-05_SBF_WVNfTjRDNl8xNjIwMjE5NjAwMDUx,275000,275000
"3-Room (Income Ceiling $7,000)",1,2021-05_SBF_WVNfTjVDNF8xNjIwMjE5NjAwMDU5,176000,176000
4-Room,1,2021-05_SBF_WVNfTjVDNF8xNjIwMjE5NjAwMDU5,295000,295000
3Gen,2,2021-05_SBF_WVNfTjZDMjBfMTYxOTUwOTg1NTcyNA,429500,380200
"3-Room (Income Ceiling $7,000)",1,2021-05_SBF_WVNfTjZDMTdfMTYyMDIxOTYwMDA3NQ,185000,185000
4-Room,1,2021-05_SBF_WVNfTjZDNV8xNjIwMjE5NjAwMDU5,265000,265000
"3-Room (Income Ceiling $7,000)",1,2021-05_SBF_WVNfTjZDOV8xNjIwMjE5NjAwMDc0,174000,174000
5-Room,1,2021-05_SBF_QU1LX040QzE0XzE2MjAyMTA2MDAwNDc,424600,424600
4-Room,1,2021-05_SBF_QU1LX040QzI1XzE2MjAyMTk2MDAxMjY,490100,490100
3-Room,1,2021-05_SBF_QU1LX040QzlfMTYyMDIxMDYwMDAzMQ,179500,179500
2-Room Flexi,3,2021-05_SBF_QU1LX041QzI2XzE2MTk1MDk4NDU2MDQ,173100,82700
3-Room,1,2021-05_SBF_QU1LX041QzI2XzE2MTk1MDk4NDU2MDQ,401700,401700
3-Room,3,2021-05_SBF_QU1LX041QzIyXzE2MjAyMTA2MDAwNDg,221300,190900
4-Room,1,2021-05_SBF_QU1LX041UkMxMl8xNjIwMjEwNjAwMDk4,470200,470200
4-Room,1,2021-05_SBF_QU1LX042QzdfMTYyMDIxMDYwMDEwMA,335000,335000
2-Room Flexi,3,2021-05_SBF_QU1LX042QzI4XzE2MjA0NTMyNDAxNDQ,132400,63900
2-Room Flexi,11,2021-05_SBF_QU1LX042QzM0XzE2MTk1MDk4NDYwMDg,266300,58700
3-Room,2,2021-05_SBF_QU1LX042QzM0XzE2MTk1MDk4NDYwMDg,367990,355320
4-Room,6,2021-05_SBF_QU1LX042QzM0XzE2MTk1MDk4NDYwMDg,570150,498480
3-Room,1,2021-05_SBF_QU1LX04xQzdfMTYyMDIxMDYwMDAyNw,203300,203300
3-Room,1,2021-05_SBF_QU1LX04xQzE0XzE2MjAyMTA2MDAwMjg,174000,174000
3-Room,1,2021-05_SBF_QU1LX04xQzEzXzE2MjAyMTA2MDAwMjg,212000,212000
4-Room,1,2021-05_SBF_QU1LX04xQzEzXzE2MjAyMTA2MDAwMjg,315000,315000
3-Room,1,2021-05_SBF_QU1LX04xQzRfMTYyMDIxMDYwMDAyNw,244000,244000
4-Room,1,2021-05_SBF_QU1LX04yQzFfMTYyMDIxMDYwMDAyOQ,245000,245000
2-Room Flexi,3,2021-05_SBF_QU1LX04yQzMxXzE2MTk1MDk4NDMxNjE,239100,61700
4-Room,3,2021-05_SBF_QU1LX04yQzMxXzE2MTk1MDk4NDMxNjE,500500,458700
5-Room,1,2021-05_SBF_QU1LX04zQzNfMTYyMDIxMDYwMDAzMQ,537000,537000
3-Room,1,2021-05_SBF_QU1LX04zQzZfMTYyMDIxMDYwMDAzMQ,214000,214000
2-Room Flexi,2,2021-05_SBF_QkRfTjFDMjBfMTYyMDM2MTMyMDQzMg,141600,78400
4-Room,1,2021-05_SBF_QkRfTjFDMjBfMTYyMDM2MTMyMDQzMg,427500,427500
3-Room,1,2021-05_SBF_QkRfTjFDMTBfMTYyMDIxMDYwMDEyNw,159000,159000
3-Room,2,2021-05_SBF_QkRfTjFDMTRfMTYyMDIxMDYwMDEyNw,174000,144000
3-Room,2,2021-05_SBF_QkRfTjFDMTVfMTYyMDIxMDYwMDEyOA,159000,154000
3-Room,1,2021-05_SBF_QkRfTjhDOV8xNjIwMjEwNjAwMTcy,184000,184000
Executive,1,2021-05_SBF_QkRfTjhSQzJfMTYyMDIxMDYwMDE3Mg,610000,610000
3-Room,1,2021-05_SBF_QkRfTjJDMF8xNjIwMjEwNjAwMTI4,149000,149000
4-Room,1,2021-05_SBF_QkRfTjRDNF8xNjIwMjEwNjAwMTUw,265000,265000
3-Room,1,2021-05_SBF_QkRfTjRDNFVfMTYyMDIxMDYwMDE1MQ,189000,189000
2-Room Flexi,4,2021-05_SBF_QkRfTjRDOF8xNjE5NTA5ODQ3OTgz,270400,73200
4-Room,3,2021-05_SBF_QkRfTjRDOF8xNjE5NTA5ODQ3OTgz,603300,582900
3-Room,1,2021-05_SBF_QkRfTjRDOV8xNjE5NTA5ODQ4MDA3,362600,362600
4-Room,3,2021-05_SBF_QkRfTjRDOV8xNjE5NTA5ODQ4MDA3,518400,492200
2-Room Flexi,9,2021-05_SBF_QkRfTjVDMTdfMTYyMDQ1MzI0MDAxNw,98400,38800
3-Room,1,2021-05_SBF_QkRfTjVDMTFfMTYyMDIxMDYwMDE1NQ,169000,169000
2-Room Flexi,1,2021-05_SBF_QkRfTjVDMTJBXzE2MjAyMTA2MDAxNTY,112000,52300
3-Room,1,2021-05_SBF_QkRfTjVDMTJfMTYyMDIxMDYwMDE1NQ,164000,164000
4-Room,1,2021-05_SBF_QkRfTjVDMTJfMTYyMDIxMDYwMDE1NQ,215000,215000
2-Room Flexi,1,2021-05_SBF_QkRfTjVDMTlfMTYxOTUwOTg0ODA5NQ,219800,73700
3-Room,2,2021-05_SBF_QkRfTjVDMTlfMTYxOTUwOTg0ODA5NQ,337900,336900
Executive,1,2021-05_SBF_QkRfTjVDMTRfMTYyMDIxMDYwMDE1Ng,590000,590000
3-Room,1,2021-05_SBF_QkRfTjVDOV8xNjIwMjEwNjAwMTU0,184000,184000
3-Room,1,2021-05_SBF_QkRfTjZDMl8xNjIwMjEwNjAwMTcx,146000,146000
3-Room,1,2021-05_SBF_QkRfTjZDMS1DMl8xNjIwMjEwNjAwMTcx,216000,216000
4-Room,1,2021-05_SBF_QkRfTjZDMS1DMl8xNjIwMjEwNjAwMTcx,250000,250000
5-Room,1,2021-05_SBF_QkRfTjZDMS1DMl8xNjIwMjEwNjAwMTcx,347000,347000
4-Room,1,2021-05_SBF_QkRfTjZDNl8xNjIwMjEwNjAwMTcy,225000,225000
4-Room,1,2021-05_SBF_QkhfTjFDMTFfMTYyMDIxMDYwMDE3Mw,355000,355000
2-Room Flexi,4,2021-05_SBF_QkhfTjFDMzJfMTYyMDIxMDYwMDE3NA,123200,58300
4-Room,1,2021-05_SBF_QkhfTjJDMjBBXzE2MjAyMTA2MDAxNzU,465500,465500
4-Room,1,2021-05_SBF_QkhfTjJDMjVfMTYyMDIxMDYwMDE3NQ,441700,441700
3-Room,1,2021-05_SBF_QkhfTjNDMl8xNjIwMjEwNjAwMTc2,169000,169000
5-Room,1,2021-05_SBF_QkhfTjRDM18xNjIwMjEwNjAwMTc2,633600,633600
2-Room Flexi,2,2021-05_SBF_Qk1fTjFDMTlDXzE2MjA0NTcwMjAwOTg,151400,81700
2-Room Flexi,2,2021-05_SBF_Qk1fTjFDMzlfMTYyMDQ1NzAyMDA5OQ,164000,76500
2-Room Flexi,1,2021-05_SBF_Qk1fTjFDN18xNjIwMzYxNTYwMDkz,147000,65700
2-Room Flexi,1,2021-05_SBF_Qk1fTjFDNTBfMTYyMDM2MTU2MDExNw,136500,80700
4-Room,1,2021-05_SBF_Qk1fTjFDNTBfMTYyMDM2MTU2MDExNw,504300,504300
4-Room,1,2021-05_SBF_Qk1fTjFDNTJfMTYyMDM2MTU2MDExOA,531600,531600
2-Room Flexi,1,2021-05_SBF_Qk1fTjhDNl8xNjIwMjEwNjAwMTk2,122000,60700
3-Room,1,2021-05_SBF_Qk1fTjJDM18xNjIwMjEwNjAwMTc4,244000,244000
3-Room,1,2021-05_SBF_Qk1fTjJDNEFfMTYyMDIxMDYwMDE3OA,209000,209000
4-Room,1,2021-05_SBF_Qk1fTjJSQzIwXzE2MjAyMTA2MDAxNzk,479700,479700
3-Room,1,2021-05_SBF_Qk1fTjNDM18xNjIwMjEwNjAwMTc5,284000,284000
2-Room Flexi,2,2021-05_SBF_Qk1fTjRSQzQwXzE2MjAyMTA2MDAxNzk,285100,91500
2-Room Flexi,2,2021-05_SBF_Qk1fTjVDMC1DM18xNjIwMjEwNjAwMTgw,157000,70300
2-Room Flexi,1,2021-05_SBF_Qk1fTjVDN18xNjIwMjEwNjAwMTgw,147000,70700
2-Room Flexi,1,2021-05_SBF_Qk1fTjVSMzdCXzE2MjA0NTcwMjAxMjI,199300,114900
2-Room Flexi,2,2021-05_SBF_Qk1fTjVSQzIzXzE2MjA0NTcwMjAxMjM,181800,83200
2-Room Flexi,6,2021-05_SBF_Qk1fTjZSQzUzXzE2MjAyMTA2MDAxOTU,289600,87100
3-Room,1,2021-05_SBF_Q0xfTjdDM18xNjIwMjEwNjAwMjQx,169000,169000
3-Room,1,2021-05_SBF_Q0xfTjdDN18xNjIwMjEwNjAwMjQy,179000,179000
5-Room,1,2021-05_SBF_Q0xfTjFDM18xNjIwMjEwNjAwMjM2,607000,607000
2-Room Flexi,1,2021-05_SBF_Q0xfTjhDMV8xNjE5NTA5ODQ4NzY2,196300,67400
3-Room,4,2021-05_SBF_Q0xfTjhDMV8xNjE5NTA5ODQ4NzY2,328300,307500
4-Room,2,2021-05_SBF_Q0xfTjhDMV8xNjE5NTA5ODQ4NzY2,463600,403200
3Gen,1,2021-05_SBF_Q0xfTjhDMV8xNjE5NTA5ODQ4NzY2,619500,619500
3-Room,2,2021-05_SBF_Q0xfTjJDM18xNjE5NTA5ODQ4NjA0,341900,336900
4-Room,5,2021-05_SBF_Q0xfTjJDM18xNjE5NTA5ODQ4NjA0,544600,504000
5-Room,3,2021-05_SBF_Q0xfTjJDM18xNjE5NTA5ODQ4NjA0,685300,641000
3Gen,1,2021-05_SBF_Q0xfTjJDM18xNjE5NTA5ODQ4NjA0,738700,738700
3-Room,1,2021-05_SBF_Q0xfTjNDM0EtQzNCXzE2MjAyMTA2MDAyMzc,199000,199000
4-Room,2,2021-05_SBF_Q0xfTjNDM0EtQzNCXzE2MjAyMTA2MDAyMzc,325000,280200
3-Room,1,2021-05_SBF_Q0xfTjNDMThCXzE2MTk1MDk4NDg2NzU,411000,411000
4-Room,1,2021-05_SBF_Q0xfTjNDMThCXzE2MTk1MDk4NDg2NzU,543300,543300
3-Room,1,2021-05_SBF_Q0xfTjNDOEFfMTYyMDIxMDYwMDIzOA,202300,202300
3-Room,1,2021-05_SBF_Q0xfTjNDOUJfMTYyMDIxMDYwMDIzOA,184000,184000
3-Room,3,2021-05_SBF_Q0xfTjRDMTJfMTYxOTUwOTg0ODcyNg,395600,365600
4-Room,7,2021-05_SBF_Q0xfTjRDMTJfMTYxOTUwOTg0ODcyNg,581300,482400
5-Room,2,2021-05_SBF_Q0xfTjRDMTJfMTYxOTUwOTg0ODcyNg,675200,665200
2-Room Flexi,2,2021-05_SBF_Q0xfTjRDOF8xNjE5NTA5ODQ4Njk4,252000,83700
3-Room,1,2021-05_SBF_R0xfTjFDM0FfMTYyMDIxMDYwMDI0Mw,159000,159000
3-Room,1,2021-05_SBF_R0xfTjFDMl8xNjIwMjEwNjAwMjQz,187000,187000
2-Room Flexi,2,2021-05_SBF_R0xfTjFDNDNCXzE2MTk1MDk4NDg4MTM,128300,74500
3-Room,3,2021-05_SBF_R0xfTjFDOUFfMTYyMDIxMDYwMDI0NA,144000,134000
2-Room Flexi,3,2021-05_SBF_R0xfTjNDMjhfMTYyMDM2MTgwMDA1Mg,150100,69600
3-Room,1,2021-05_SBF_R0xfTjNDMjhfMTYyMDM2MTgwMDA1Mg,305400,305400
3-Room,1,2021-05_SBF_R0xfTjRDMEFfMTYyMDIxMDYwMDI0Ng,288800,288800
2-Room Flexi,8,2021-05_SBF_R0xfTjRDMTVfMTYxOTUwOTg0ODg4MQ,287700,76000
3-Room,2,2021-05_SBF_R0xfTjRDMTVfMTYxOTUwOTg0ODg4MQ,413800,387800
4-Room,7,2021-05_SBF_R0xfTjRDMTVfMTYxOTUwOTg0ODg4MQ,638800,555600
2-Room Flexi,4,2021-05_SBF_R0xfTjRDMUFfMTYxOTUwOTg0ODg0MQ,287500,73200
3-Room,4,2021-05_SBF_R0xfTjRDMUFfMTYxOTUwOTg0ODg0MQ,416500,396900
3-Room,1,2021-05_SBF_R0xfTjRDMV8xNjE5NTA5ODQ4ODM2,343000,343000
2-Room Flexi,2,2021-05_SBF_R0xfTjZDMjlfMTYxOTUwOTg0OTA5OQ,257000,66800
3-Room,2,2021-05_SBF_R0xfTjZDMjlfMTYxOTUwOTg0OTA5OQ,366000,349500
4-Room,15,2021-05_SBF_R0xfTjZDMjlfMTYxOTUwOTg0OTA5OQ,549300,530400
4-Room,1,2021-05_SBF_R0xfTjZDMzhfMTYyMDIxMDYwMDI3NQ,305000,305000
4-Room,1,2021-05_SBF_R0xfTjZDMzRfMTYyMDIxMDYwMDI3NQ,285000,285000
2-Room Flexi,3,2021-05_SBF_S1dOX040QzIxXzE2MTk1MDk4NDk0OTc,154100,83900
4-Room,1,2021-05_SBF_S1dOX040QzIxXzE2MTk1MDk4NDk0OTc,601100,601100
3-Room,1,2021-05_SBF_S1dOX040QzNfMTYyMDIxMDYwMDM0Mg,254000,254000
2-Room Flexi,2,2021-05_SBF_S1dOX041QzIwQ18xNjIwNDU3MjAwMDU5,138500,82200
4-Room,1,2021-05_SBF_S1dOX041QzQzXzE2MTk1MDk4NDk1MjY,666500,666500
3-Room,1,2021-05_SBF_S1dOX041QzRfMTYyMDIxMDYwMDM0Mw,229000,229000
2-Room Flexi,5,2021-05_SBF_S1dOX041QzU4XzE2MTk1MDk4NDk1NDc,196000,80500
3-Room,4,2021-05_SBF_S1dOX041QzU4XzE2MTk1MDk4NDk1NDc,461000,424000
4-Room,6,2021-05_SBF_S1dOX041QzU4XzE2MTk1MDk4NDk1NDc,689400,647100
3-Room,1,2021-05_SBF_S1dOX042QzI4Ql8xNjE5NTA5ODQ5NTc2,315100,315100
4-Room,1,2021-05_SBF_S1dOX042QzI4Ql8xNjE5NTA5ODQ5NTc2,405300,405300
2-Room Flexi,3,2021-05_SBF_S1dOX043QzEwXzE2MjA0NTcyMDAwNjQ,122300,62700
3-Room,1,2021-05_SBF_S1dOX043QzFfMTYyMDIxMDYwMDM0Ng,149000,149000
3-Room,1,2021-05_SBF_S1dOX043QzVfMTYyMDIxMDYwMDM2MA,183000,183000
3-Room,1,2021-05_SBF_S1dOX04xUkM0NV8xNjE5NTA5ODQ5NDMw,350500,350500
4-Room,1,2021-05_SBF_S1dOX04zQzFfMTYyMDIxMDYwMDM0MA,403700,403700
2-Room Flexi,1,2021-05_SBF_S1dOX04zQzIzQl8xNjE5NTA5ODQ5NDM4,151800,89700
5-Room,1,2021-05_SBF_S1dOX04zQzIzQl8xNjE5NTA5ODQ5NDM4,695300,695300
3-Room,1,2021-05_SBF_S1dOX04zQzQ3XzE2MTk1MDk4NDk0NTU,435300,435300
4-Room,2,2021-05_SBF_S1dOX04zQzQ3XzE2MTk1MDk4NDk0NTU,665600,589100
3-Room,1,2021-05_SBF_TVBfTjJDMV8xNjIwMjEwNjAwMzYx,244000,244000
Executive,1,2021-05_SBF_UFJDX040QzdfMTYyMDIxMTgwMDE0MA,565000,565000
5-Room,1,2021-05_SBF_UFJDX041QzE1XzE2MjAyMTE4MDAxNDE,497000,497000
4-Room,1,2021-05_SBF_UFJDX041QzNfMTYyMDIxMTgwMDE0MA,330000,330000
4-Room,1,2021-05_SBF_UFJDX041UEgxXzE2MjAyMTE4MDAxNDI,558000,558000
Executive,1,2021-05_SBF_UFJDX042QzJfMTYyMDIxMTgwMDE0Mg,650000,650000
Executive,1,2021-05_SBF_UFJDX04xQzEwXzE2MjAyMTE4MDAxMzg,505000,505000
4-Room,1,2021-05_SBF_UFJDX04xQzNfMTYyMDIxMTgwMDEzNw,300000,300000
4-Room,1,2021-05_SBF_UFJDX04xQzVfMTYyMDIxMTgwMDEzNw,325000,325000
5-Room,1,2021-05_SBF_UFJDX04xQzZBXzE2MjAyMTE4MDAxMzg,437000,437000
5-Room,1,2021-05_SBF_UFJDX04yQzFBXzE2MjAyMTE4MDAxMzk,397000,397000
2-Room Flexi,4,2021-05_SBF_UFJDX04yQzlfMTYyMDQ1NzM4MDEyMA,90500,43400
3-Room,1,2021-05_SBF_UVRfTjdSQzIxXzE2MjAyMTE4MDAwNjE,360000,360000
2-Room Flexi,5,2021-05_SBF_UVRfTjFDM18xNjE5NTA5ODUwMTA0,304500,100300
3-Room,2,2021-05_SBF_UVRfTjFDM18xNjE5NTA5ODUwMTA0,438800,427100
4-Room,1,2021-05_SBF_UVRfTjFDM18xNjE5NTA5ODUwMTA0,732400,732400
5-Room,1,2021-05_SBF_UVRfTjFDM18xNjE5NTA5ODUwMTA0,796600,796600
2-Room Flexi,3,2021-05_SBF_UVRfTjFDMl8xNjIwNDU3MzgwMTM5,193700,83600
2-Room Flexi,1,2021-05_SBF_UVRfTjFDN18xNjE5NTA5ODUwMTc0,304200,101900
3-Room,1,2021-05_SBF_UVRfTjFDN18xNjE5NTA5ODUwMTc0,436700,436700
4-Room,1,2021-05_SBF_UVRfTjFDN18xNjE5NTA5ODUwMTc0,627300,627300
2-Room Flexi,2,2021-05_SBF_UVRfTjFDNV8xNjE5NTA5ODUwMTY2,301600,101100
3-Room,3,2021-05_SBF_UVRfTjFDNV8xNjE5NTA5ODUwMTY2,435400,401900
2-Room Flexi,4,2021-05_SBF_UVRfTjFSQzE3XzE2MjA0NTczODAwMjI,173900,80900
2-Room Flexi,1,2021-05_SBF_UVRfTjNDM18xNjIwMjExODAwMTY3,132000,69000
2-Room Flexi,4,2021-05_SBF_UVRfTjRSQzI2XzE2MTk1MDk4NTAyMDE,188300,102900
3-Room,1,2021-05_SBF_UVRfTjVDMV8xNjIwMjExODAwMDU0,232700,232700
3-Room,1,2021-05_SBF_UVRfTjVDNV8xNjIwMjExODAwMDU2,203300,203300
4-Room,1,2021-05_SBF_UVRfTjVSQzI0XzE2MjAyMTE4MDAwNTY,717200,717200
3-Room,1,2021-05_SBF_UVRfTjZDMi1DNF8xNjIwMjExODAwMDU3,209000,209000
5-Room,1,2021-05_SBF_UVRfTjZDMi1DNF8xNjIwMjExODAwMDU3,548100,548100
2-Room Flexi,1,2021-05_SBF_UVRfTjZSMjVBXzE2MjAzNjM0ODAwNTA,138600,82400
4-Room,2,2021-05_SBF_UVRfTjZSMjVBXzE2MjAzNjM0ODAwNTA,726300,584200
2-Room Flexi,1,2021-05_SBF_UVRfTjZSQzI1XzE2MjAyMTE4MDAwNTk,297300,100600
5-Room,1,2021-05_SBF_U0dOX041QzE0XzE2MjAyMTIxMDAwOTc,412000,412000
5-Room,1,2021-05_SBF_U0dOX04yQzNfMTYyMDIxMjEwMDA5Nw,510100,510100
4-Room,1,2021-05_SBF_VEFQX040QzE1XzE2MjAyMTIxMDAwNjU,276000,276000
5-Room,1,2021-05_SBF_VEFQX040QzE3XzE2MjAyMTIxMDAwNjY,417000,417000
5-Room,1,2021-05_SBF_VEFQX040QzE5XzE2MjAyMTIxMDAwNjY,418000,418000
3-Room,2,2021-05_SBF_VEFQX040QzEwXzE2MjAyMTIxMDAwNjQ,224000,219000
3-Room,1,2021-05_SBF_VEFQX040QzEzXzE2MjAyMTIxMDAwNjQ,219000,219000
2-Room Flexi,3,2021-05_SBF_VEFQX040QzI3XzE2MjA0NTc1NjAxMTg,108900,50000
5-Room,1,2021-05_SBF_VEFQX041UEgyXzE2MjAyMTIxMDAwNjg,708000,708000
3-Room,3,2021-05_SBF_VEFQX042QzE5XzE2MTk1MDk4NTA4OTE,244900,227800
4-Room,1,2021-05_SBF_VEFQX042QzE5XzE2MTk1MDk4NTA4OTE,362000,362000
3-Room,3,2021-05_SBF_VEFQX042QzFBXzE2MTk1MDk4NTA4MTM,236900,233300
4-Room,2,2021-05_SBF_VEFQX042QzFBXzE2MTk1MDk4NTA4MTM,348300,335800
3-Room,2,2021-05_SBF_VEFQX042QzhfMTYxOTUwOTg1MDg0OQ,262500,249000
4-Room,10,2021-05_SBF_VEFQX042QzhfMTYxOTUwOTg1MDg0OQ,422400,374600
5-Room,6,2021-05_SBF_VEFQX042QzhfMTYxOTUwOTg1MDg0OQ,530200,498200
3Gen,2,2021-05_SBF_VEFQX042QzhfMTYxOTUwOTg1MDg0OQ,557500,552900
4-Room,3,2021-05_SBF_VEFQX042QzIwXzE2MTk1MDk4NTA4OTg,374500,354100
5-Room,3,2021-05_SBF_VEFQX042QzIwXzE2MTk1MDk4NTA4OTg,510200,482700
2-Room Flexi,4,2021-05_SBF_VEFQX042QzJBXzE2MjAzNjM2MDAyMDY,109900,43700
3-Room,1,2021-05_SBF_VEFQX042QzJBXzE2MjAzNjM2MDAyMDY,244400,244400
4-Room,1,2021-05_SBF_VEFQX042QzJBXzE2MjAzNjM2MDAyMDY,350100,350100
5-Room,2,2021-05_SBF_VEFQX042QzJBXzE2MjAzNjM2MDAyMDY,465300,448900
3-Room,2,2021-05_SBF_VEFQX042QzJCXzE2MTk1MDk4NTA4MjI,244200,243800
4-Room,2,2021-05_SBF_VEFQX042QzJCXzE2MTk1MDk4NTA4MjI,377900,359500
5-Room,1,2021-05_SBF_VEFQX042QzJCXzE2MTk1MDk4NTA4MjI,515300,515300
4-Room,9,2021-05_SBF_VEFQX042QzRfMTYxOTUwOTg1MDgyNw,377000,334800
5-Room,3,2021-05_SBF_VEFQX042QzRfMTYxOTUwOTg1MDgyNw,501100,470700
5-Room,1,2021-05_SBF_VEFQX043QzdfMTYyMDIxMjQwMDEwMA,427000,427000
4-Room,1,2021-05_SBF_VEFQX043QzNfMTYyMDIxMjQwMDEwMA,325000,325000
2-Room Flexi,3,2021-05_SBF_VEFQX044QzI2XzE2MjA0NTc1NjAwMjQ,116300,56400
3-Room,2,2021-05_SBF_VEFQX044QzItQzNCXzE2MjAyMTI0MDAxMDE,244000,234000
4-Room,1,2021-05_SBF_VEFQX044QzIyQV8xNjIwMjEyNDAwMTAy,335000,335000
4-Room,1,2021-05_SBF_VEFQX044QzMyQl8xNjE5NTA5ODUxMDEw,365000,365000
3Gen,1,2021-05_SBF_VEFQX044QzMyQl8xNjE5NTA5ODUxMDEw,497900,497900
5-Room,1,2021-05_SBF_VEFQX044QzMyQV8xNjE5NTA5ODUxMDA2,495600,495600
3Gen,1,2021-05_SBF_VEFQX044QzMyQV8xNjE5NTA5ODUxMDA2,510800,510800
2-Room Flexi,8,2021-05_SBF_VEFQX044QzRDXzE2MjA0NTc1NjAwMjM,102600,43100
3-Room,2,2021-05_SBF_VEFQX045QzE4XzE2MTk1MDk4NTEwMjU,273700,249100
4-Room,8,2021-05_SBF_VEFQX045QzE4XzE2MTk1MDk4NTEwMjU,425500,388900
5-Room,4,2021-05_SBF_VEFQX045QzE4XzE2MTk1MDk4NTEwMjU,561000,527000
4-Room,1,2021-05_SBF_VEFQX04wQzNfMTYyMDIxMjEwMDEyOA,365000,365000
4-Room,1,2021-05_SBF_VEFQX04wQzRfMTYyMDIxMjEwMDEyOA,265000,265000
2-Room Flexi,2,2021-05_SBF_VEFQX04xQzEzXzE2MjA0NTc1NjAxMDA,77800,47300
4-Room,1,2021-05_SBF_VEFQX04yQzE0XzE2MjAyMTIxMDAwNjI,425000,425000
3-Room,1,2021-05_SBF_VEFQX04yQzJBXzE2MjAyMTIxMDAwNjA,264000,264000
4-Room,1,2021-05_SBF_VEFQX04yQzZfMTYyMDIxMjEwMDA2MQ,275000,275000
4-Room,1,2021-05_SBF_VEFQX04zQzE0XzE2MjAyMTIxMDAwNjM,315000,315000
3-Room,1,2021-05_SBF_VFBfTjdDN18xNjIwMjEyNDAwMjM2,219000,219000
3-Room,1,2021-05_SBF_VFBfTjFDN18xNjIwMjEyNDAwMjEy,154000,154000
4-Room,1,2021-05_SBF_VFBfTjhDNl8xNjIwMjEyNDAwMjM2,330000,330000
2-Room Flexi,5,2021-05_SBF_VFBfTjJSQzMyXzE2MjAyMTI0MDAyMTQ,149600,62100
3-Room,2,2021-05_SBF_VFBfTjlDM18xNjE5NTA5ODU1NDE3,409900,401800
4-Room,1,2021-05_SBF_VFBfTjlDM18xNjE5NTA5ODU1NDE3,610200,610200
2-Room Flexi,9,2021-05_SBF_VFBfTjlDMTBfMTYxOTUwOTg1NTQ4MQ,292000,91300
3-Room,6,2021-05_SBF_VFBfTjlDMTBfMTYxOTUwOTg1NTQ4MQ,431700,394200
4-Room,11,2021-05_SBF_VFBfTjlDMTBfMTYxOTUwOTg1NTQ4MQ,647200,604300
5-Room,3,2021-05_SBF_VFBfTjlDMTBfMTYxOTUwOTg1NTQ4MQ,730800,693200
2-Room Flexi,7,2021-05_SBF_VFBfTjlDMV8xNjE5NTA5ODU1NDEz,273400,74500
3-Room,3,2021-05_SBF_VFBfTjlDMV8xNjE5NTA5ODU1NDEz,425300,408600
4-Room,5,2021-05_SBF_VFBfTjlDMV8xNjE5NTA5ODU1NDEz,628200,582300
4-Room,1,2021-05_SBF_VFBfTjlDNF8xNjIwMzYzNjAwNDMx,609000,609000
2-Room Flexi,8,2021-05_SBF_VFBfTjlDNi1DN18xNjE5NTA5ODU1NDQz,287400,66600
3-Room,2,2021-05_SBF_VFBfTjlDNi1DN18xNjE5NTA5ODU1NDQz,418700,403100
4-Room,7,2021-05_SBF_VFBfTjlDNi1DN18xNjE5NTA5ODU1NDQz,620600,571700
5-Room,1,2021-05_SBF_VFBfTjlDNi1DN18xNjE5NTA5ODU1NDQz,685700,685700
3Gen,1,2021-05_SBF_VFBfTjlDNi1DN18xNjE5NTA5ODU1NDQz,695700,695700
3-Room,1,2021-05_SBF_VFBfTjlDOF8xNjE5NTA5ODU1NDY1,365700,365700
4-Room,2,2021-05_SBF_VFBfTjlDOF8xNjE5NTA5ODU1NDY1,594000,589800
2-Room Flexi,3,2021-05_SBF_VFBfTjRDMjhfMTYyMDQ1Nzc0MDE3Ng,182000,82300
2-Room Flexi,1,2021-05_SBF_VFBfTjRDMTRfMTYyMDIxMjQwMDIxNQ,132000,63000
2-Room Flexi,27,2021-05_SBF_VFBfTjRDMzBfMTYxOTUwOTg1NTA5OQ,190200,77400
3-Room,9,2021-05_SBF_VFBfTjRDMzBfMTYxOTUwOTg1NTA5OQ,431100,368000
4-Room,35,2021-05_SBF_VFBfTjRDMzBfMTYxOTUwOTg1NTA5OQ,650600,525000
2-Room Flexi,2,2021-05_SBF_VFBfTjZDMjRfMTYyMDQ1Nzc0MDIxMg,110200,62600
3-Room,2,2021-05_SBF_VFBfTjZDMjVfMTYxOTUwOTg1NTI1OQ,321900,309500
4-Room,4,2021-05_SBF_VFBfTjZDMjVfMTYxOTUwOTg1NTI1OQ,488500,444100
2-Room Flexi,19,2021-05_SBF_VFBfTjZDMjZBXzE2MTk1MDk4NTUyOTc,139700,62100
4-Room,63,2021-05_SBF_VFBfTjZDMjZBXzE2MTk1MDk4NTUyOTc,520300,397800
4-Room,1,2021-05_SBF_VFBfTjZDMl8xNjIwMjEyNDAwMjE5,360000,360000
4-Room,2,2021-05_SBF_QkJfTjJDMjJfMTYxOTUwOTg0NzQzNg,326600,313600
5-Room,1,2021-05_SBF_QkJfTjJDMjJfMTYxOTUwOTg0NzQzNg,493600,493600
4-Room,1,2021-05_SBF_QlBfTjZDM18xNjE5NTA5ODQ4MzE3,265000,265000
5-Room,1,2021-05_SBF_Q0NLX04zQzNfMTYyMDIxMDYwMDIxOQ,407000,407000
5-Room,1,2021-05_SBF_SEdfTjNDMTNfMTYyMDIxMDYwMDI3OA,407000,407000
3Gen,1,2021-05_SBF_SEdfTjNDMTNfMTYyMDIxMDYwMDI3OA,450300,450300
Executive,1,2021-05_SBF_SkVfTjJDMjJfMTYyMDIxMDYwMDI5NQ,715000,715000
2-Room Flexi,5,2021-05_SBF_SldfTjJDMjBfMTYxOTUwOTg0OTMwMA,179200,40400
"3-Room (Income Ceiling $7,000)",3,2021-05_SBF_SldfTjJDMjBfMTYxOTUwOTg0OTMwMA,265400,255000
4-Room,3,2021-05_SBF_SldfTjJDMjBfMTYxOTUwOTg0OTMwMA,387400,385500
3Gen,1,2021-05_SBF_SldfTjJDMjBfMTYxOTUwOTg0OTMwMA,485300,485300
2-Room Flexi,3,2021-05_SBF_UEdfUzJDMTRfMTYyMDQ1NzM4MDA1MA,99700,50000
Executive,1,2021-05_SBF_U0JfTjNDMTRfMTYyMDIxMjEwMDA5NQ,430000,430000
2-Room Flexi,2,2021-05_SBF_U0tfTjJDNDJfMTYyMDQ1NzU2MDA3MQ,96100,55300
2-Room Flexi,165,2021-05_SBF_VEdfRDFDM18xNjE5NTA5ODUxNTgx,154200,42300
"3-Room (Income Ceiling $7,000)",32,2021-05_SBF_VEdfRDFDM18xNjE5NTA5ODUxNTgx,241200,216200
4-Room,7,2021-05_SBF_VEdfRDFDM18xNjE5NTA5ODUxNTgx,377600,333700
5-Room,7,2021-05_SBF_VEdfRDFDM18xNjE5NTA5ODUxNTgx,476300,426100
3Gen,23,2021-05_SBF_VEdfRDFDM18xNjE5NTA5ODUxNTgx,499400,441500
"3-Room (Income Ceiling $7,000)",1,2021-05_SBF_V0xfTjJDOF8xNjIwMjEyNDAwMjYx,164000,164000
"3-Room (Income Ceiling $7,000)",1,2021-05_SBF_WVNfTjJDNF8xNjIwMjE5NjAwMTAw,174000,174000
4-Room,1,2021-05_SBF_QU1LX04yQzlfMTYyMDIxMDYwMDAyOQ,251700,251700
2-Room Flexi,5,2021-05_SBF_QkRfTjJDMTFfMTYxOTUwOTg0NzkzNQ,222200,67800
4-Room,3,2021-05_SBF_QkRfTjJDMTFfMTYxOTUwOTg0NzkzNQ,523400,476100
5-Room,3,2021-05_SBF_QkRfTjJDMTFfMTYxOTUwOTg0NzkzNQ,612900,584500
4-Room,1,2021-05_SBF_QkhfTjFDN0JfMTYyMDIxMDYwMDE3Mw,360000,360000
2-Room Flexi,5,2021-05_SBF_Qk1fTjZSQzQ4XzE2MjA0NTcwMjAxMjM,109900,59200
4-Room,4,2021-05_SBF_Q0xfTjRDMTFfMTYxOTUwOTg0ODcwOQ,654000,599300
5-Room,1,2021-05_SBF_Q0xfTjRDMTFfMTYxOTUwOTg0ODcwOQ,706100,706100
2-Room Flexi,8,2021-05_SBF_R0xfTjVDMjZBXzE2MTk1MDk4NDg5MTg,304200,100300
3-Room,2,2021-05_SBF_R0xfTjVDMjZBXzE2MTk1MDk4NDg5MTg,435100,424900
4-Room,2,2021-05_SBF_R0xfTjVDMjZBXzE2MTk1MDk4NDg5MTg,624800,608400
3-Room,4,2021-05_SBF_S1dOX04zQzU3XzE2MTk1MDk4NDk0NjI,448900,419200
4-Room,6,2021-05_SBF_S1dOX04zQzU3XzE2MTk1MDk4NDk0NjI,663200,559600
4-Room,1,2021-05_SBF_TVBfTjJDMTBfMTYyMDIxMDYwMDM2Mg,389500,389500
Executive,1,2021-05_SBF_UFJDX041QzEyXzE2MjAyMTE4MDAxNDE,650000,650000
2-Room Flexi,3,2021-05_SBF_UVRfTjFDNF8xNjE5NTA5ODUwMTI1,304400,102000
3-Room,2,2021-05_SBF_UVRfTjFDNF8xNjE5NTA5ODUwMTI1,449000,437200
4-Room,2,2021-05_SBF_UVRfTjFDNF8xNjE5NTA5ODUwMTI1,639200,603000
4-Room,1,2021-05_SBF_U0dOX04yQzFfMTYyMDIxMjEwMDA5Ng,299200,299200
2-Room Flexi,6,2021-05_SBF_VEFQX044QzMxXzE2MTk1MDk4NTA5ODA,225300,55000
3-Room,5,2021-05_SBF_VEFQX044QzMxXzE2MTk1MDk4NTA5ODA,321500,290400
4-Room,2,2021-05_SBF_VEFQX044QzMxXzE2MTk1MDk4NTA5ODA,477200,462000
5-Room,5,2021-05_SBF_VEFQX044QzMxXzE2MTk1MDk4NTA5ODA,607800,567800
4-Room,1,2021-05_SBF_VFBfTjJDMjNBXzE2MTk1MDk4NTQ4OTU,532100,532100
