block,flatType,chinese,malay,indian,proj_id
114B,2-room flexi,1,1,1,2021-05_SBF_QkJfTjFDMTVfMTYxOTUwOTg0NzQwMg
114A,2-room flexi,1,1,1,2021-05_SBF_QkJfTjFDMTVfMTYxOTUwOTg0NzQwMg
167,4-room,1,1,1,2021-05_SBF_QkJfTjFDOUFfMTYyMDIxMDYwMDEwNA
230A,2-room flexi,4,4,4,2021-05_SBF_QkJfTjJDMjFfMTYyMDQ1MzI0MDE0OA
296C,4-room,1,1,1,2021-05_SBF_QkJfTjJDMjNfMTYyMDM2MTMyMDM0Nw
219,"3-room (income ceiling $7,000)",1,1,1,2021-05_SBF_QkJfTjJDN18xNjIwMjEwNjAwMTA0
316,4-room,1,1,1,2021-05_SBF_QkJfTjNDM18xNjIwMjEwNjAwMTA2
377,2-room flexi,1,1,1,2021-05_SBF_QkJfTjNDMTNfMTYxOTUwOTg0NzUwMg
433A,"3-room (income ceiling $7,000)",1,0,1,2021-05_SBF_QkJfTjRDMjJfMTYxOTUwOTg0NzY5Ng
433A,2-room flexi,1,1,1,2021-05_SBF_QkJfTjRDMjJfMTYxOTUwOTg0NzY5Ng
433A,4-room,4,1,4,2021-05_SBF_QkJfTjRDMjJfMTYxOTUwOTg0NzY5Ng
432A,5-room,1,1,1,2021-05_SBF_QkJfTjRDMjJfMTYxOTUwOTg0NzY5Ng
433B,"3-room (income ceiling $7,000)",2,0,2,2021-05_SBF_QkJfTjRDMjJfMTYxOTUwOTg0NzY5Ng
433B,2-room flexi,1,1,1,2021-05_SBF_QkJfTjRDMjJfMTYxOTUwOTg0NzY5Ng
433B,4-room,1,0,1,2021-05_SBF_QkJfTjRDMjJfMTYxOTUwOTg0NzY5Ng
431A,"3-room (income ceiling $7,000)",1,0,1,2021-05_SBF_QkJfTjRDMjJfMTYxOTUwOTg0NzY5Ng
431A,2-room flexi,2,1,2,2021-05_SBF_QkJfTjRDMjJfMTYxOTUwOTg0NzY5Ng
431A,4-room,1,1,1,2021-05_SBF_QkJfTjRDMjJfMTYxOTUwOTg0NzY5Ng
433C,5-room,2,2,2,2021-05_SBF_QkJfTjRDMjJfMTYxOTUwOTg0NzY5Ng
433C,4-room,2,2,2,2021-05_SBF_QkJfTjRDMjJfMTYxOTUwOTg0NzY5Ng
432B,2-room flexi,2,2,2,2021-05_SBF_QkJfTjRDMjJfMTYxOTUwOTg0NzY5Ng
431B,4-room,1,1,1,2021-05_SBF_QkJfTjRDMjJfMTYxOTUwOTg0NzY5Ng
461A,4-room,1,0,1,2021-05_SBF_QkJfTjRDMTBfMTYyMDM2MTMyMDM2OQ
468A,2-room flexi,3,3,3,2021-05_SBF_QkJfTjRDMThfMTYxOTUwOTg0NzY2OA
468B,2-room flexi,1,1,1,2021-05_SBF_QkJfTjRDMThfMTYxOTUwOTg0NzY2OA
467A,2-room flexi,1,0,1,2021-05_SBF_QkJfTjRDMThfMTYxOTUwOTg0NzY2OA
467A,4-room,1,0,1,2021-05_SBF_QkJfTjRDMThfMTYxOTUwOTg0NzY2OA
467B,5-room,3,2,3,2021-05_SBF_QkJfTjRDMThfMTYxOTUwOTg0NzY2OA
467B,4-room,1,1,1,2021-05_SBF_QkJfTjRDMThfMTYxOTUwOTg0NzY2OA
467C,"3-room (income ceiling $7,000)",1,1,1,2021-05_SBF_QkJfTjRDMThfMTYxOTUwOTg0NzY2OA
467C,2-room flexi,2,2,2,2021-05_SBF_QkJfTjRDMThfMTYxOTUwOTg0NzY2OA
464A,5-room,1,0,1,2021-05_SBF_QkJfTjRDMThfMTYxOTUwOTg0NzY2OA
464A,4-room,1,1,1,2021-05_SBF_QkJfTjRDMThfMTYxOTUwOTg0NzY2OA
463A,4-room,1,1,1,2021-05_SBF_QkJfTjRDMThfMTYxOTUwOTg0NzY2OA
464B,2-room flexi,2,1,2,2021-05_SBF_QkJfTjRDMThfMTYxOTUwOTg0NzY2OA
464B,4-room,1,0,1,2021-05_SBF_QkJfTjRDMThfMTYxOTUwOTg0NzY2OA
463B,5-room,2,2,2,2021-05_SBF_QkJfTjRDMThfMTYxOTUwOTg0NzY2OA
463B,4-room,1,1,1,2021-05_SBF_QkJfTjRDMThfMTYxOTUwOTg0NzY2OA
460D,2-room flexi,1,1,1,2021-05_SBF_QkJfTjRDMTJfMTYxOTUwOTg0NzU0NQ
446A,5-room,1,1,1,2021-05_SBF_QkJfTjRDMTNfMTYyMDM2MTMyMDM3MQ
445A,4-room,1,1,1,2021-05_SBF_QkJfTjRDMTNfMTYyMDM2MTMyMDM3MQ
450B,4-room,1,1,1,2021-05_SBF_QkJfTjRDMTZfMTYyMDM2MTMyMDM3Mg
450C,4-room,1,1,1,2021-05_SBF_QkJfTjRDMTZfMTYyMDM2MTMyMDM3Mg
450D,2-room flexi,1,1,1,2021-05_SBF_QkJfTjRDMTZfMTYyMDM2MTMyMDM3Mg
438A,4-room,2,0,2,2021-05_SBF_QkJfTjRDNV8xNjE5NTA5ODQ3NTA4
437A,5-room,1,0,1,2021-05_SBF_QkJfTjRDNV8xNjE5NTA5ODQ3NTA4
436A,2-room flexi,1,1,1,2021-05_SBF_QkJfTjRDNV8xNjE5NTA5ODQ3NTA4
439A,2-room flexi,1,1,1,2021-05_SBF_QkJfTjRDNV8xNjE5NTA5ODQ3NTA4
443B,4-room,1,1,1,2021-05_SBF_QkJfTjRDOF8xNjE5NTA5ODQ3NTI2
442B,4-room,1,1,1,2021-05_SBF_QkJfTjRDOF8xNjE5NTA5ODQ3NTI2
440A,2-room flexi,1,1,1,2021-05_SBF_QkJfTjRDOF8xNjE5NTA5ODQ3NTI2
440B,4-room,1,1,1,2021-05_SBF_QkJfTjRDOF8xNjE5NTA5ODQ3NTI2
506,"3-room (income ceiling $7,000)",1,1,1,2021-05_SBF_QkJfTjVDMV8xNjIwMjEwNjAwMTI2
512,executive,1,1,0,2021-05_SBF_QkJfTjVDNl8xNjIwMjEwNjAwMTI3
213,4-room,1,1,1,2021-05_SBF_QlBfTjJDMThfMTYyMDIxMDYwMDE5Nw
226,4-room,1,1,1,2021-05_SBF_QlBfTjJDMTVfMTYyMDIxMDYwMDE5Ng
454,2-room flexi,4,4,4,2021-05_SBF_QlBfTjRDMTdfMTYyMDQ1NzAyMDEyNw
477,5-room,1,1,0,2021-05_SBF_QlBfTjRDMTJfMTYxOTUwOTg0ODI5NA
404,4-room,1,1,1,2021-05_SBF_QlBfTjRDMUFfMTYyMDIxMDYwMDE5Nw
533,4-room,1,1,0,2021-05_SBF_QlBfTjVDMTBfMTYyMDIxMDYwMDE5OA
634B,2-room flexi,2,2,2,2021-05_SBF_QlBfTjZDMTBfMTYyMDQ1NzAyMDEzMA
634A,2-room flexi,3,3,3,2021-05_SBF_QlBfTjZDMTBfMTYyMDQ1NzAyMDEzMA
640A,4-room,3,3,3,2021-05_SBF_QlBfTjZDMTJfMTYxOTUwOTg0ODM0MQ
647B,4-room,1,1,1,2021-05_SBF_QlBfTjZDMTNfMTYxOTUwOTg0ODM1MQ
643A,5-room,1,0,1,2021-05_SBF_QlBfTjZDMTNfMTYxOTUwOTg0ODM1MQ
638A,5-room,4,4,4,2021-05_SBF_QlBfTjZDMTVfMTYxOTUwOTg0ODQwMQ
638A,3gen,4,4,4,2021-05_SBF_QlBfTjZDMTVfMTYxOTUwOTg0ODQwMQ
629,5-room,1,1,1,2021-05_SBF_QlBfTjZDOF8xNjIwMjEwNjAwMjAw
476A,2-room flexi,2,2,1,2021-05_SBF_Q0NLX040QzE0XzE2MjA0NTcwMjAxNDk
476B,2-room flexi,2,2,2,2021-05_SBF_Q0NLX040QzE0XzE2MjA0NTcwMjAxNDk
476D,2-room flexi,2,2,2,2021-05_SBF_Q0NLX040QzE0XzE2MjA0NTcwMjAxNDk
488B,2-room flexi,2,2,2,2021-05_SBF_Q0NLX040QzE1XzE2MjA0NTcwMjAxNTA
574,2-room flexi,1,1,1,2021-05_SBF_Q0NLX041QzEyXzE2MjA0NTcwMjAxNTE
570,2-room flexi,1,1,1,2021-05_SBF_Q0NLX041QzEyXzE2MjA0NTcwMjAxNTE
571,2-room flexi,2,2,2,2021-05_SBF_Q0NLX041QzEyXzE2MjA0NTcwMjAxNTE
685C,4-room,1,1,1,2021-05_SBF_Q0NLX042QzEzXzE2MjAyMTA2MDAyMjI
611,5-room,1,1,1,2021-05_SBF_Q0NLX042QzNfMTYyMDIxMDYwMDIyMg
801D,5-room,1,0,1,2021-05_SBF_Q0NLX044QzFfMTYyMDM2MTU2MDAzNg
803B,4-room,1,0,1,2021-05_SBF_Q0NLX044QzJfMTYyMDM2MTU2MDAzNw
818C,5-room,1,1,1,2021-05_SBF_Q0NLX044QzkxMF8xNjIwMzYxNTYwMDM5
816B,4-room,1,0,1,2021-05_SBF_Q0NLX044QzkxMF8xNjIwMzYxNTYwMDM5
808A,4-room,1,0,1,2021-05_SBF_Q0NLX044QzRfMTYyMDM2MTU2MDAzNw
812C,5-room,1,0,1,2021-05_SBF_Q0NLX044QzZfMTYxOTUwOTg0ODU4OA
812A,5-room,1,0,1,2021-05_SBF_Q0NLX044QzZfMTYxOTUwOTg0ODU4OA
161C,"3-room (income ceiling $7,000)",1,1,1,2021-05_SBF_Q0NLX04xQzE2XzE2MTk1MDk4NDg1MTE
161C,2-room flexi,1,1,1,2021-05_SBF_Q0NLX04xQzE2XzE2MTk1MDk4NDg1MTE
161C,4-room,2,2,2,2021-05_SBF_Q0NLX04xQzE2XzE2MTk1MDk4NDg1MTE
161B,4-room,1,1,1,2021-05_SBF_Q0NLX04xQzE2XzE2MTk1MDk4NDg1MTE
161A,"3-room (income ceiling $7,000)",1,1,1,2021-05_SBF_Q0NLX04xQzE2XzE2MTk1MDk4NDg1MTE
11,4-room,1,1,1,2021-05_SBF_Q0NLX04xQzFCXzE2MjAyMTA2MDAyMTY
1,"3-room (income ceiling $7,000)",1,1,1,2021-05_SBF_Q0NLX04xQzFDXzE2MjAyMTA2MDAyMTc
283,4-room,1,1,1,2021-05_SBF_Q0NLX04yQzExXzE2MjAyMTA2MDAyMTg
701,"3-room (income ceiling $7,000)",1,1,1,2021-05_SBF_SEdfTjdDMV8xNjIwMjEwNjAwMjky
174B,2-room flexi,3,3,2,2021-05_SBF_SEdfTjFDMV8xNjIwNDU3MjAwMDkz
124,"3-room (income ceiling $7,000)",1,1,1,2021-05_SBF_SEdfTjFDMVVfMTYyMDIxMDYwMDI3Nw
993A,2-room flexi,2,2,2,2021-05_SBF_SEdfTjlDMjFfMTYyMDIxMDYwMDI5NA
993B,2-room flexi,1,1,1,2021-05_SBF_SEdfTjlDMjFfMTYyMDIxMDYwMDI5NA
994C,4-room,2,2,2,2021-05_SBF_SEdfTjlDMjFfMTYyMDIxMDYwMDI5NA
994A,2-room flexi,2,2,2,2021-05_SBF_SEdfTjlDMjFfMTYyMDIxMDYwMDI5NA
978C,4-room,1,1,1,2021-05_SBF_SEdfTjlDMTBfMTYyMDIxMDYwMDI5Mw
986B,2-room flexi,1,1,1,2021-05_SBF_SEdfTjlDMTVfMTYyMDIxMDYwMDI5Mw
992A,2-room flexi,1,1,1,2021-05_SBF_SEdfTjlDMTZfMTYyMDIxMDYwMDI5NA
991B,2-room flexi,1,1,1,2021-05_SBF_SEdfTjlDMTZfMTYyMDIxMDYwMDI5NA
22,"3-room (income ceiling $7,000)",0,1,1,2021-05_SBF_SEdfTjNDNEFfMTYyMDIxMDYwMDI3Nw
19,"3-room (income ceiling $7,000)",1,1,1,2021-05_SBF_SEdfTjNDNEFfMTYyMDIxMDYwMDI3Nw
457,4-room,0,1,1,2021-05_SBF_SEdfTjRDOF8xNjIwMjEwNjAwMjc4
582,2-room flexi,1,1,1,2021-05_SBF_SEdfTjVDMjNfMTYyMDQ1NzIwMDA5NQ
645,"3-room (income ceiling $7,000)",1,1,1,2021-05_SBF_SEdfTjZDMTBBXzE2MjAyMTA2MDAyNzk
658,"3-room (income ceiling $7,000)",1,1,1,2021-05_SBF_SEdfTjZDMTJBXzE2MjAyMTA2MDAyODA
696,"3-room (income ceiling $7,000)",1,1,1,2021-05_SBF_SEdfTjZDMTVfMTYyMDIxMDYwMDI4MA
696,4-room,1,1,1,2021-05_SBF_SEdfTjZDMTVfMTYyMDIxMDYwMDI4MA
634,executive,1,1,1,2021-05_SBF_SEdfTjZDOV8xNjIwMjEwNjAwMjc5
217,4-room,1,1,1,2021-05_SBF_SkVfTjJDM18xNjIwMjEwNjAwMjk1
318A,2-room flexi,4,4,2,2021-05_SBF_SkVfTjNDMTJfMTYyMDQ1NzIwMDEwMg
411,"3-room (income ceiling $7,000)",1,1,1,2021-05_SBF_SkVfTjRDM0NfMTYyMDIxMDYwMDI5Nw
24,4-room,1,1,1,2021-05_SBF_SkVfTjRDOV8xNjIwMjEwNjAwMjk3
713,5-room,1,1,1,2021-05_SBF_SldfTjdDMl8xNjIwMjEwNjAwMzI0
743,5-room,1,1,1,2021-05_SBF_SldfTjdDOF8xNjIwMjEwNjAwMzM2
140C,4-room,1,1,1,2021-05_SBF_SldfTjFDMjlCXzE2MjAzNjE4MDAxNjA
140B,2-room flexi,2,2,2,2021-05_SBF_SldfTjFDMjlCXzE2MjAzNjE4MDAxNjA
175C,2-room flexi,1,1,1,2021-05_SBF_SldfTjFDMzBfMTYyMDQ1NzIwMDEyNg
150A,2-room flexi,1,1,1,2021-05_SBF_SldfTjFDMzJfMTYxOTUwOTg0OTI5MA
114,"3-room (income ceiling $7,000)",1,0,1,2021-05_SBF_SldfTjFDOV8xNjIwMjEwNjAwMjk4
840,5-room,1,0,1,2021-05_SBF_SldfTjhDMl8xNjIwMjEwNjAwMzM3
844,5-room,1,1,0,2021-05_SBF_SldfTjhDNF8xNjIwMjEwNjAwMzM4
218C,4-room,1,1,1,2021-05_SBF_SldfTjJDMTdfMTYyMDIxMDYwMDMwMg
217A,3gen,1,1,1,2021-05_SBF_SldfTjJDMTdfMTYyMDIxMDYwMDMwMg
211,"3-room (income ceiling $7,000)",1,1,1,2021-05_SBF_SldfTjJDNV8xNjIwMjEwNjAwMzAx
992A,5-room,1,1,1,2021-05_SBF_SldfTjlDMjBfMTYyMDIxMDYwMDMzOQ
991A,5-room,1,1,1,2021-05_SBF_SldfTjlDMjBfMTYyMDIxMDYwMDMzOQ
989C,4-room,0,1,1,2021-05_SBF_SldfTjlDMTRfMTYyMDIxMDYwMDMzOQ
917,"3-room (income ceiling $7,000)",1,1,1,2021-05_SBF_SldfTjlDNF8xNjIwMjEwNjAwMzM4
338B,2-room flexi,2,2,2,2021-05_SBF_SldfTjNDMzBCXzE2MjA0NTcyMDAxMjk
412,4-room,1,1,1,2021-05_SBF_SldfTjRDM18xNjIwMjEwNjAwMzE3
499,2-room flexi,4,4,4,2021-05_SBF_SldfTjRDMjFfMTYyMDQ1NzIwMDEzMQ
433,"3-room (income ceiling $7,000)",1,1,1,2021-05_SBF_SldfTjRDOF8xNjIwMjEwNjAwMzE4
513,4-room,1,1,1,2021-05_SBF_SldfTjVDN18xNjIwMjEwNjAwMzIw
681B,5-room,1,1,1,2021-05_SBF_SldfTjZDM18xNjIwMjEwNjAwMzIy
681C,4-room,1,1,1,2021-05_SBF_SldfTjZDM18xNjIwMjEwNjAwMzIy
663A,5-room,1,1,1,2021-05_SBF_SldfTjZDMTFfMTYyMDIxMDYwMDMyMw
628,executive,1,1,1,2021-05_SBF_SldfTjZDMTZfMTYxOTUwOTg0OTQxMA
695,5-room,1,1,1,2021-05_SBF_SldfTjZDMV8xNjIwMjEwNjAwMzIx
684C,5-room,1,1,1,2021-05_SBF_SldfTjZDNF8xNjIwMjEwNjAwMzIy
172A,4-room,1,1,1,2021-05_SBF_UEdfUzFDMjJBXzE2MjAyMTA2MDAwMjM
170A,4-room,1,1,1,2021-05_SBF_UEdfUzFDMjRBXzE2MjAyMTA2MDAwMjQ
166B,4-room,1,1,1,2021-05_SBF_UEdfUzFDMjZfMTYyMDIxMDYwMDAyNA
174D,4-room,1,1,1,2021-05_SBF_UEdfUzFDMTBfMTYyMDIxMDYwMDM2Mw
128A,4-room,1,1,1,2021-05_SBF_UEdfUzFDMTdfMTYyMDIxMDYwMDM2Nw
110C,5-room,1,1,1,2021-05_SBF_UEdfUzFDMTJfMTYyMDIxMDYwMDM2NA
110A,5-room,1,1,1,2021-05_SBF_UEdfUzFDMTJfMTYyMDIxMDYwMDM2NA
134,4-room,1,1,0,2021-05_SBF_UEdfUzFDMTVfMTYyMDIxMDYwMDM2NA
126B,5-room,1,1,1,2021-05_SBF_UEdfUzFDMTZfMTYyMDIxMDYwMDM2Ng
105C,5-room,1,1,1,2021-05_SBF_UEdfUzFDMV8xNjIwMjEwNjAwMzYy
193,5-room,1,1,1,2021-05_SBF_UEdfUzFDNl8xNjIwMjEwNjAwMzYz
187,5-room,0,1,1,2021-05_SBF_UEdfUzFDOF8xNjIwMjEwNjAwMzYz
264A,2-room flexi,1,1,1,2021-05_SBF_UEdfUzJDMTlfMTYyMDQ1NzM4MDA1MA
265A,2-room flexi,1,1,1,2021-05_SBF_UEdfUzJDMTlfMTYyMDQ1NzM4MDA1MA
226B,4-room,1,1,1,2021-05_SBF_UEdfUzJDMzdfMTYyMDM2MTkyMDE1Mg
227A,4-room,1,1,1,2021-05_SBF_UEdfUzJDMzdfMTYyMDM2MTkyMDE1Mg
228B,5-room,1,1,1,2021-05_SBF_UEdfUzJDMzlfMTYyMDIxMTgwMDA2NA
228B,4-room,1,1,1,2021-05_SBF_UEdfUzJDMzlfMTYyMDIxMTgwMDA2NA
229B,5-room,1,1,1,2021-05_SBF_UEdfUzJDMzlfMTYyMDIxMTgwMDA2NA
229B,4-room,1,1,1,2021-05_SBF_UEdfUzJDMzlfMTYyMDIxMTgwMDA2NA
228A,4-room,1,1,1,2021-05_SBF_UEdfUzJDMzlfMTYyMDIxMTgwMDA2NA
229A,5-room,1,1,1,2021-05_SBF_UEdfUzJDMzlfMTYyMDIxMTgwMDA2NA
220A,2-room flexi,1,1,1,2021-05_SBF_UEdfUzJDMzZfMTYxOTUwOTg0OTY1Nw
221A,"3-room (income ceiling $7,000)",1,0,1,2021-05_SBF_UEdfUzJDMzZfMTYxOTUwOTg0OTY1Nw
316A,4-room,1,1,1,2021-05_SBF_UEdfUzNDMzFfMTYyMDM2MTkyMDE1NQ
323C,3gen,1,1,1,2021-05_SBF_UEdfUzNDMzNfMTYyMDM2MTkyMDE1Ng
422B,4-room,1,1,1,2021-05_SBF_UEdfUzRDM18xNjE5NTA5ODQ5NzA1
421A,2-room flexi,1,1,1,2021-05_SBF_UEdfUzRDM18xNjE5NTA5ODQ5NzA1
421B,4-room,2,2,2,2021-05_SBF_UEdfUzRDM18xNjE5NTA5ODQ5NzA1
421C,2-room flexi,2,2,2,2021-05_SBF_UEdfUzRDM18xNjE5NTA5ODQ5NzA1
420A,5-room,3,3,3,2021-05_SBF_UEdfUzRDMl8xNjE5NTA5ODQ5Njc3
420A,4-room,1,1,1,2021-05_SBF_UEdfUzRDMl8xNjE5NTA5ODQ5Njc3
420B,4-room,1,1,1,2021-05_SBF_UEdfUzRDMl8xNjE5NTA5ODQ5Njc3
420C,5-room,1,1,1,2021-05_SBF_UEdfUzRDMl8xNjE5NTA5ODQ5Njc3
420C,4-room,1,1,1,2021-05_SBF_UEdfUzRDMl8xNjE5NTA5ODQ5Njc3
420D,4-room,2,2,2,2021-05_SBF_UEdfUzRDMl8xNjE5NTA5ODQ5Njc3
419A,"3-room (income ceiling $14,000)",1,1,1,2021-05_SBF_UEdfUzRDMl8xNjE5NTA5ODQ5Njc3
419B,2-room flexi,1,1,1,2021-05_SBF_UEdfUzRDMl8xNjE5NTA5ODQ5Njc3
419B,4-room,1,1,1,2021-05_SBF_UEdfUzRDMl8xNjE5NTA5ODQ5Njc3
438A,2-room flexi,1,1,1,2021-05_SBF_UEdfUzRDMTFfMTYxOTUwOTg0OTgwNQ
437A,5-room,1,1,1,2021-05_SBF_UEdfUzRDMTFfMTYxOTUwOTg0OTgwNQ
438B,"3-room (income ceiling $7,000)",3,2,2,2021-05_SBF_UEdfUzRDMTFfMTYxOTUwOTg0OTgwNQ
438B,2-room flexi,5,4,4,2021-05_SBF_UEdfUzRDMTFfMTYxOTUwOTg0OTgwNQ
437B,5-room,2,2,2,2021-05_SBF_UEdfUzRDMTFfMTYxOTUwOTg0OTgwNQ
437B,4-room,2,2,2,2021-05_SBF_UEdfUzRDMTFfMTYxOTUwOTg0OTgwNQ
438C,2-room flexi,3,2,2,2021-05_SBF_UEdfUzRDMTFfMTYxOTUwOTg0OTgwNQ
438C,4-room,4,3,3,2021-05_SBF_UEdfUzRDMTFfMTYxOTUwOTg0OTgwNQ
435A,2-room flexi,2,2,2,2021-05_SBF_UEdfUzRDMTFfMTYxOTUwOTg0OTgwNQ
435A,4-room,2,2,2,2021-05_SBF_UEdfUzRDMTFfMTYxOTUwOTg0OTgwNQ
436B,5-room,1,1,1,2021-05_SBF_UEdfUzRDMTFfMTYxOTUwOTg0OTgwNQ
435B,2-room flexi,2,4,4,2021-05_SBF_UEdfUzRDMTFfMTYxOTUwOTg0OTgwNQ
435B,4-room,1,1,1,2021-05_SBF_UEdfUzRDMTFfMTYxOTUwOTg0OTgwNQ
432A,2-room flexi,2,2,2,2021-05_SBF_UEdfUzRDMTNfMTYxOTUwOTg0OTg0Ng
433B,2-room flexi,3,3,3,2021-05_SBF_UEdfUzRDMTNfMTYxOTUwOTg0OTg0Ng
431B,"3-room (income ceiling $7,000)",1,1,1,2021-05_SBF_UEdfUzRDMTNfMTYxOTUwOTg0OTg0Ng
431B,2-room flexi,2,1,2,2021-05_SBF_UEdfUzRDMTNfMTYxOTUwOTg0OTg0Ng
431C,"3-room (income ceiling $7,000)",2,2,2,2021-05_SBF_UEdfUzRDMTNfMTYxOTUwOTg0OTg0Ng
447A,5-room,2,2,2,2021-05_SBF_UEdfUzRDMTQtQzE1XzE2MTk1MDk4NDk4Njg
447A,2-room flexi,1,1,1,2021-05_SBF_UEdfUzRDMTQtQzE1XzE2MTk1MDk4NDk4Njg
448B,2-room flexi,3,3,3,2021-05_SBF_UEdfUzRDMTQtQzE1XzE2MTk1MDk4NDk4Njg
446A,5-room,1,1,1,2021-05_SBF_UEdfUzRDMTQtQzE1XzE2MTk1MDk4NDk4Njg
446B,2-room flexi,2,2,2,2021-05_SBF_UEdfUzRDMTQtQzE1XzE2MTk1MDk4NDk4Njg
446B,4-room,2,2,2,2021-05_SBF_UEdfUzRDMTQtQzE1XzE2MTk1MDk4NDk4Njg
445A,5-room,2,2,2,2021-05_SBF_UEdfUzRDMTQtQzE1XzE2MTk1MDk4NDk4Njg
445A,2-room flexi,1,1,1,2021-05_SBF_UEdfUzRDMTQtQzE1XzE2MTk1MDk4NDk4Njg
445A,4-room,2,2,2,2021-05_SBF_UEdfUzRDMTQtQzE1XzE2MTk1MDk4NDk4Njg
445B,2-room flexi,4,4,4,2021-05_SBF_UEdfUzRDMTQtQzE1XzE2MTk1MDk4NDk4Njg
443A,5-room,1,1,1,2021-05_SBF_UEdfUzRDMTQtQzE1XzE2MTk1MDk4NDk4Njg
443A,4-room,7,7,7,2021-05_SBF_UEdfUzRDMTQtQzE1XzE2MTk1MDk4NDk4Njg
442A,5-room,2,2,2,2021-05_SBF_UEdfUzRDMTQtQzE1XzE2MTk1MDk4NDk4Njg
442B,2-room flexi,1,1,1,2021-05_SBF_UEdfUzRDMTQtQzE1XzE2MTk1MDk4NDk4Njg
415A,5-room,3,3,1,2021-05_SBF_UEdfUzRDMV8xNjE5NTA5ODQ5NjYy
415A,3gen,3,3,1,2021-05_SBF_UEdfUzRDMV8xNjE5NTA5ODQ5NjYy
415B,4-room,1,1,1,2021-05_SBF_UEdfUzRDMV8xNjE5NTA5ODQ5NjYy
413A,"3-room (income ceiling $14,000)",1,1,1,2021-05_SBF_UEdfUzRDMV8xNjE5NTA5ODQ5NjYy
413A,4-room,1,1,1,2021-05_SBF_UEdfUzRDMV8xNjE5NTA5ODQ5NjYy
415C,4-room,2,0,2,2021-05_SBF_UEdfUzRDMV8xNjE5NTA5ODQ5NjYy
415D,4-room,1,1,1,2021-05_SBF_UEdfUzRDMV8xNjE5NTA5ODQ5NjYy
413C,"3-room (income ceiling $14,000)",1,1,1,2021-05_SBF_UEdfUzRDMV8xNjE5NTA5ODQ5NjYy
409A,5-room,2,2,2,2021-05_SBF_UEdfUzRDN18xNjE5NTA5ODQ5NzE2
409A,4-room,1,1,1,2021-05_SBF_UEdfUzRDN18xNjE5NTA5ODQ5NzE2
408B,2-room flexi,1,1,1,2021-05_SBF_UEdfUzRDN18xNjE5NTA5ODQ5NzE2
408B,4-room,1,1,1,2021-05_SBF_UEdfUzRDN18xNjE5NTA5ODQ5NzE2
409C,5-room,1,1,0,2021-05_SBF_UEdfUzRDN18xNjE5NTA5ODQ5NzE2
409C,4-room,2,0,1,2021-05_SBF_UEdfUzRDN18xNjE5NTA5ODQ5NzE2
409D,4-room,3,3,3,2021-05_SBF_UEdfUzRDN18xNjE5NTA5ODQ5NzE2
408C,4-room,2,2,2,2021-05_SBF_UEdfUzRDN18xNjE5NTA5ODQ5NzE2
425A,5-room,1,1,1,2021-05_SBF_UEdfUzRDNF8xNjE5NTA5ODQ5NzA5
425B,5-room,2,2,2,2021-05_SBF_UEdfUzRDNF8xNjE5NTA5ODQ5NzA5
423A,4-room,1,1,1,2021-05_SBF_UEdfUzRDNF8xNjE5NTA5ODQ5NzA5
423B,2-room flexi,1,1,1,2021-05_SBF_UEdfUzRDNF8xNjE5NTA5ODQ5NzA5
405A,4-room,1,1,1,2021-05_SBF_UEdfUzRDNl8xNjE5NTA5ODQ5NzEz
406B,4-room,2,2,2,2021-05_SBF_UEdfUzRDNl8xNjE5NTA5ODQ5NzEz
406C,5-room,1,1,1,2021-05_SBF_UEdfUzRDNl8xNjE5NTA5ODQ5NzEz
406C,"3-room (income ceiling $7,000)",1,0,1,2021-05_SBF_UEdfUzRDNl8xNjE5NTA5ODQ5NzEz
405B,2-room flexi,1,1,1,2021-05_SBF_UEdfUzRDNl8xNjE5NTA5ODQ5NzEz
406A,5-room,2,2,2,2021-05_SBF_UEdfUzRDNl8xNjE5NTA5ODQ5NzEz
406A,"3-room (income ceiling $7,000)",1,1,1,2021-05_SBF_UEdfUzRDNl8xNjE5NTA5ODQ5NzEz
402A,5-room,1,1,1,2021-05_SBF_UEdfUzRDNV8xNjIwMjExODAwMDY4
402B,5-room,1,1,1,2021-05_SBF_UEdfUzRDNV8xNjIwMjExODAwMDY4
402B,4-room,1,1,1,2021-05_SBF_UEdfUzRDNV8xNjIwMjExODAwMDY4
401A,4-room,2,1,2,2021-05_SBF_UEdfUzRDNV8xNjIwMjExODAwMDY4
411A,2-room flexi,2,2,2,2021-05_SBF_UEdfUzRDOF8xNjE5NTA5ODQ5Nzg3
410A,"3-room (income ceiling $7,000)",1,1,1,2021-05_SBF_UEdfUzRDOF8xNjE5NTA5ODQ5Nzg3
410A,4-room,1,1,1,2021-05_SBF_UEdfUzRDOF8xNjE5NTA5ODQ5Nzg3
613B,4-room,0,1,1,2021-05_SBF_UEdfUzZDMjBfMTYyMDIxMTgwMDEwNw
648,4-room,1,1,0,2021-05_SBF_UEdfUzZDMjlfMTYyMDIxMTgwMDEwNw
684B,4-room,1,1,1,2021-05_SBF_UEdfUzZDMzlCXzE2MjAzNjE5MjAwMjA
658C,5-room,1,1,1,2021-05_SBF_UEdfUzZDMzVfMTYyMDM2MTkyMDE5Mw
661B,5-room,1,1,1,2021-05_SBF_UEdfUzZDMzZfMTYyMDIxMTgwMDEwOA
661B,4-room,2,0,2,2021-05_SBF_UEdfUzZDMzZfMTYyMDIxMTgwMDEwOA
677B,2-room flexi,1,1,1,2021-05_SBF_UEdfUzZDNDBfMTYyMDQ1NzM4MDA5Ng
653A,2-room flexi,6,6,6,2021-05_SBF_UEdfUzZDNDhfMTYxOTUwOTg0OTg5NA
653A,4-room,5,3,5,2021-05_SBF_UEdfUzZDNDhfMTYxOTUwOTg0OTg5NA
654B,4-room,8,4,6,2021-05_SBF_UEdfUzZDNDhfMTYxOTUwOTg0OTg5NA
654A,4-room,6,6,6,2021-05_SBF_UEdfUzZDNDhfMTYxOTUwOTg0OTg5NA
653C,2-room flexi,3,3,3,2021-05_SBF_UEdfUzZDNDhfMTYxOTUwOTg0OTg5NA
653C,4-room,3,3,3,2021-05_SBF_UEdfUzZDNDhfMTYxOTUwOTg0OTg5NA
654D,4-room,6,3,6,2021-05_SBF_UEdfUzZDNDhfMTYxOTUwOTg0OTg5NA
653B,"3-room (income ceiling $7,000)",2,2,2,2021-05_SBF_UEdfUzZDNDhfMTYxOTUwOTg0OTg5NA
653B,2-room flexi,2,2,2,2021-05_SBF_UEdfUzZDNDhfMTYxOTUwOTg0OTg5NA
653B,4-room,1,1,1,2021-05_SBF_UEdfUzZDNDhfMTYxOTUwOTg0OTg5NA
654C,"3-room (income ceiling $7,000)",1,1,1,2021-05_SBF_UEdfUzZDNDhfMTYxOTUwOTg0OTg5NA
654C,2-room flexi,2,2,2,2021-05_SBF_UEdfUzZDNDhfMTYxOTUwOTg0OTg5NA
654C,4-room,2,1,2,2021-05_SBF_UEdfUzZDNDhfMTYxOTUwOTg0OTg5NA
657A,"3-room (income ceiling $7,000)",1,1,1,2021-05_SBF_UEdfUzZDNDlfMTYxOTUwOTg0OTkzMA
657A,2-room flexi,3,3,3,2021-05_SBF_UEdfUzZDNDlfMTYxOTUwOTg0OTkzMA
657A,4-room,7,7,7,2021-05_SBF_UEdfUzZDNDlfMTYxOTUwOTg0OTkzMA
656B,5-room,1,1,1,2021-05_SBF_UEdfUzZDNDlfMTYxOTUwOTg0OTkzMA
656B,"3-room (income ceiling $7,000)",1,1,1,2021-05_SBF_UEdfUzZDNDlfMTYxOTUwOTg0OTkzMA
656B,2-room flexi,4,4,4,2021-05_SBF_UEdfUzZDNDlfMTYxOTUwOTg0OTkzMA
656B,4-room,4,4,4,2021-05_SBF_UEdfUzZDNDlfMTYxOTUwOTg0OTkzMA
655A,4-room,5,1,5,2021-05_SBF_UEdfUzZDNDlfMTYxOTUwOTg0OTkzMA
657B,3gen,1,1,1,2021-05_SBF_UEdfUzZDNDlfMTYxOTUwOTg0OTkzMA
657B,2-room flexi,3,3,3,2021-05_SBF_UEdfUzZDNDlfMTYxOTUwOTg0OTkzMA
656A,5-room,1,1,1,2021-05_SBF_UEdfUzZDNDlfMTYxOTUwOTg0OTkzMA
656A,2-room flexi,2,2,2,2021-05_SBF_UEdfUzZDNDlfMTYxOTUwOTg0OTkzMA
656A,4-room,6,6,6,2021-05_SBF_UEdfUzZDNDlfMTYxOTUwOTg0OTkzMA
655C,5-room,2,1,2,2021-05_SBF_UEdfUzZDNDlfMTYxOTUwOTg0OTkzMA
655C,4-room,2,0,2,2021-05_SBF_UEdfUzZDNDlfMTYxOTUwOTg0OTkzMA
656C,2-room flexi,2,2,2,2021-05_SBF_UEdfUzZDNDlfMTYxOTUwOTg0OTkzMA
656C,4-room,1,1,1,2021-05_SBF_UEdfUzZDNDlfMTYxOTUwOTg0OTkzMA
655B,3gen,2,2,2,2021-05_SBF_UEdfUzZDNDlfMTYxOTUwOTg0OTkzMA
655B,2-room flexi,8,8,8,2021-05_SBF_UEdfUzZDNDlfMTYxOTUwOTg0OTkzMA
107A,4-room,1,0,1,2021-05_SBF_U0JfTjFDMl8xNjIwMzYzNDgwMDc4
128A,5-room,1,1,1,2021-05_SBF_U0JfTjFDMTBfMTYyMDM2MzQ4MDA4MQ
131C,2-room flexi,1,0,1,2021-05_SBF_U0JfTjFDMTJfMTYxOTUwOTg1MDMyOA
109D,4-room,1,1,1,2021-05_SBF_U0JfTjFDMTNfMTYxOTUwOTg1MDM0Mg
109B,4-room,1,1,1,2021-05_SBF_U0JfTjFDMTNfMTYxOTUwOTg1MDM0Mg
101B,2-room flexi,1,1,1,2021-05_SBF_U0JfTjFDMV8xNjE5NTA5ODUwMjQ0
101B,4-room,3,1,3,2021-05_SBF_U0JfTjFDMV8xNjE5NTA5ODUwMjQ0
102B,2-room flexi,1,1,1,2021-05_SBF_U0JfTjFDMV8xNjE5NTA5ODUwMjQ0
102A,5-room,2,1,2,2021-05_SBF_U0JfTjFDMV8xNjE5NTA5ODUwMjQ0
120A,4-room,1,1,1,2021-05_SBF_U0JfTjFDN18xNjIwMzYzNDgwMDgw
108C,5-room,1,1,1,2021-05_SBF_U0JfTjFDNF8xNjIwMzYzNDgwMDc5
108A,5-room,1,1,1,2021-05_SBF_U0JfTjFDNF8xNjIwMzYzNDgwMDc5
117A,4-room,1,1,1,2021-05_SBF_U0JfTjFDNl8xNjE5NTA5ODUwMjk2
126C,5-room,1,1,1,2021-05_SBF_U0JfTjFDOV8xNjE5NTA5ODUwMzAy
380C,5-room,1,1,1,2021-05_SBF_U0JfTjJDM18xNjE5NTA5ODUwMzQ4
378A,2-room flexi,1,1,1,2021-05_SBF_U0JfTjJDM18xNjE5NTA5ODUwMzQ4
379B,"3-room (income ceiling $7,000)",1,1,1,2021-05_SBF_U0JfTjJDM18xNjE5NTA5ODUwMzQ4
379B,2-room flexi,1,1,1,2021-05_SBF_U0JfTjJDM18xNjE5NTA5ODUwMzQ4
377A,2-room flexi,1,1,1,2021-05_SBF_U0JfTjJDM18xNjE5NTA5ODUwMzQ4
379C,4-room,2,2,2,2021-05_SBF_U0JfTjJDM18xNjE5NTA5ODUwMzQ4
376A,4-room,1,1,1,2021-05_SBF_U0JfTjJDM18xNjE5NTA5ODUwMzQ4
377C,2-room flexi,1,1,1,2021-05_SBF_U0JfTjJDM18xNjE5NTA5ODUwMzQ4
377C,4-room,2,2,2,2021-05_SBF_U0JfTjJDM18xNjE5NTA5ODUwMzQ4
376B,4-room,1,1,1,2021-05_SBF_U0JfTjJDM18xNjE5NTA5ODUwMzQ4
380A,5-room,1,1,1,2021-05_SBF_U0JfTjJDM18xNjE5NTA5ODUwMzQ4
380B,3gen,1,1,1,2021-05_SBF_U0JfTjJDM18xNjE5NTA5ODUwMzQ4
380B,4-room,3,3,3,2021-05_SBF_U0JfTjJDM18xNjE5NTA5ODUwMzQ4
336,executive,1,1,0,2021-05_SBF_U0JfTjNDMTVfMTYyMDIxMjEwMDA5Ng
365C,4-room,1,1,1,2021-05_SBF_U0JfTjNDN18xNjIwMzYzNDgwMDkz
467,4-room,1,1,0,2021-05_SBF_U0JfTjRDNV8xNjE5NTA5ODUwNDEx
183A,5-room,1,1,0,2021-05_SBF_U0tfTjFDMjJfMTYyMDIxMjEwMDA5OA
116C,5-room,1,1,1,2021-05_SBF_U0tfTjFDMTBfMTYyMDIxMjEwMDA5Nw
172C,"3-room (income ceiling $7,000)",1,1,1,2021-05_SBF_U0tfTjFDMzBfMTYxOTUwOTg1MDQ1OA
172C,2-room flexi,2,2,2,2021-05_SBF_U0tfTjFDMzBfMTYxOTUwOTg1MDQ1OA
171B,5-room,1,1,1,2021-05_SBF_U0tfTjFDMzBfMTYxOTUwOTg1MDQ1OA
171B,4-room,1,1,1,2021-05_SBF_U0tfTjFDMzBfMTYxOTUwOTg1MDQ1OA
170A,5-room,4,2,2,2021-05_SBF_U0tfTjFDMzBfMTYxOTUwOTg1MDQ1OA
172B,2-room flexi,2,2,2,2021-05_SBF_U0tfTjFDMzBfMTYxOTUwOTg1MDQ1OA
171A,5-room,1,1,1,2021-05_SBF_U0tfTjFDMzBfMTYxOTUwOTg1MDQ1OA
173C,2-room flexi,2,2,2,2021-05_SBF_U0tfTjFDMzBfMTYxOTUwOTg1MDQ1OA
172A,"3-room (income ceiling $7,000)",1,1,1,2021-05_SBF_U0tfTjFDMzBfMTYxOTUwOTg1MDQ1OA
173A,2-room flexi,1,1,1,2021-05_SBF_U0tfTjFDMzBfMTYxOTUwOTg1MDQ1OA
175B,5-room,1,1,1,2021-05_SBF_U0tfTjFDMzBfMTYxOTUwOTg1MDQ1OA
175A,5-room,1,1,1,2021-05_SBF_U0tfTjFDMzBfMTYxOTUwOTg1MDQ1OA
170B,4-room,1,1,1,2021-05_SBF_U0tfTjFDMzBfMTYxOTUwOTg1MDQ1OA
299A,4-room,1,1,1,2021-05_SBF_U0tfTjJDMTlfMTYxOTUwOTg1MDQ4Nw
206D,5-room,1,1,1,2021-05_SBF_U0tfTjJDMV8xNjIwMjEyMTAwMDk5
281A,4-room,1,1,1,2021-05_SBF_U0tfTjJDNDBfMTYyMDIxMjEwMDExMQ
279C,2-room flexi,1,1,1,2021-05_SBF_U0tfTjJDNDBfMTYyMDIxMjEwMDExMQ
279A,2-room flexi,1,1,1,2021-05_SBF_U0tfTjJDNDBfMTYyMDIxMjEwMDExMQ
286B,5-room,1,1,1,2021-05_SBF_U0tfTjJDNDNBXzE2MjAzNjM0ODAxMDQ
287A,2-room flexi,2,2,2,2021-05_SBF_U0tfTjJDNDNBXzE2MjAzNjM0ODAxMDQ
289A,4-room,1,1,1,2021-05_SBF_U0tfTjJDNDNBXzE2MjAzNjM0ODAxMDQ
215A,4-room,1,1,1,2021-05_SBF_U0tfTjJDNDVfMTYyMDM2MzQ4MDEwNA
302C,executive,1,1,1,2021-05_SBF_U0tfTjNDM18xNjE5NTA5ODUwNTAx
338C,4-room,1,1,1,2021-05_SBF_U0tfTjNDMjdfMTYyMDM2MzQ4MDEwNw
338B,5-room,1,1,1,2021-05_SBF_U0tfTjNDMjdfMTYyMDM2MzQ4MDEwNw
338B,4-room,1,1,1,2021-05_SBF_U0tfTjNDMjdfMTYyMDM2MzQ4MDEwNw
353B,2-room flexi,2,2,2,2021-05_SBF_U0tfTjNDMjhBXzE2MTk1MDk4NTA1MTM
353B,4-room,1,1,1,2021-05_SBF_U0tfTjNDMjhBXzE2MTk1MDk4NTA1MTM
353A,2-room flexi,2,2,2,2021-05_SBF_U0tfTjNDMjhBXzE2MTk1MDk4NTA1MTM
355A,2-room flexi,1,1,1,2021-05_SBF_U0tfTjNDMjhBXzE2MTk1MDk4NTA1MTM
356B,5-room,1,1,1,2021-05_SBF_U0tfTjNDMjhBXzE2MTk1MDk4NTA1MTM
356B,4-room,1,1,1,2021-05_SBF_U0tfTjNDMjhBXzE2MTk1MDk4NTA1MTM
351A,4-room,1,1,1,2021-05_SBF_U0tfTjNDMjhfMTYyMDM2MzQ4MDEwNw
339B,"3-room (income ceiling $7,000)",2,2,2,2021-05_SBF_U0tfTjNDMjlfMTYxOTUwOTg1MDUzMA
339B,2-room flexi,2,2,2,2021-05_SBF_U0tfTjNDMjlfMTYxOTUwOTg1MDUzMA
339A,2-room flexi,1,1,1,2021-05_SBF_U0tfTjNDMjlfMTYxOTUwOTg1MDUzMA
332C,4-room,1,1,1,2021-05_SBF_U0tfTjNDMThfMTYyMDIxMjEwMDExMg
327B,2-room flexi,1,1,1,2021-05_SBF_U0tfTjNDMTlfMTYyMDQ1NzU2MDA3NA
312B,5-room,1,1,1,2021-05_SBF_U0tfTjNDOF8xNjIwMjEyMTAwMTEy
473A,2-room flexi,1,1,1,2021-05_SBF_U0tfTjRDMjdfMTYyMDIxMjEwMDExNw
472B,4-room,1,1,1,2021-05_SBF_U0tfTjRDMjdfMTYyMDIxMjEwMDExNw
466A,5-room,6,6,3,2021-05_SBF_U0tfTjRDMjJfMTYxOTUwOTg1MDU1MA
466A,3gen,6,6,3,2021-05_SBF_U0tfTjRDMjJfMTYxOTUwOTg1MDU1MA
465A,"3-room (income ceiling $7,000)",2,2,2,2021-05_SBF_U0tfTjRDMjJfMTYxOTUwOTg1MDU1MA
465A,2-room flexi,2,2,2,2021-05_SBF_U0tfTjRDMjJfMTYxOTUwOTg1MDU1MA
465A,4-room,5,5,5,2021-05_SBF_U0tfTjRDMjJfMTYxOTUwOTg1MDU1MA
466B,5-room,2,2,1,2021-05_SBF_U0tfTjRDMjJfMTYxOTUwOTg1MDU1MA
465B,"3-room (income ceiling $7,000)",1,1,1,2021-05_SBF_U0tfTjRDMjJfMTYxOTUwOTg1MDU1MA
465B,2-room flexi,1,1,1,2021-05_SBF_U0tfTjRDMjJfMTYxOTUwOTg1MDU1MA
465B,4-room,1,1,1,2021-05_SBF_U0tfTjRDMjJfMTYxOTUwOTg1MDU1MA
464A,4-room,2,2,2,2021-05_SBF_U0tfTjRDMjJfMTYxOTUwOTg1MDU1MA
464B,2-room flexi,1,1,1,2021-05_SBF_U0tfTjRDMjJfMTYxOTUwOTg1MDU1MA
464B,4-room,1,1,1,2021-05_SBF_U0tfTjRDMjJfMTYxOTUwOTg1MDU1MA
409A,4-room,1,1,1,2021-05_SBF_U0tfTjRDMl8xNjIwMjEyMTAwMTE1
453D,4-room,1,1,1,2021-05_SBF_U0tfTjRDMTJfMTYyMDIxMjEwMDExNQ
458A,5-room,1,1,0,2021-05_SBF_U0tfTjRDMzBfMTYxOTUwOTg1MDU5NA
458A,4-room,1,0,1,2021-05_SBF_U0tfTjRDMzBfMTYxOTUwOTg1MDU5NA
457A,4-room,1,1,1,2021-05_SBF_U0tfTjRDMzBfMTYxOTUwOTg1MDU5NA
456A,2-room flexi,1,1,1,2021-05_SBF_U0tfTjRDMzBfMTYxOTUwOTg1MDU5NA
457B,4-room,1,1,1,2021-05_SBF_U0tfTjRDMzBfMTYxOTUwOTg1MDU5NA
455A,"3-room (income ceiling $7,000)",1,1,1,2021-05_SBF_U0tfTjRDMzBfMTYxOTUwOTg1MDU5NA
455B,2-room flexi,1,1,1,2021-05_SBF_U0tfTjRDMzBfMTYxOTUwOTg1MDU5NA
459A,"3-room (income ceiling $7,000)",1,1,1,2021-05_SBF_U0tfTjRDMzFfMTYxOTUwOTg1MDYxMQ
459A,2-room flexi,1,1,1,2021-05_SBF_U0tfTjRDMzFfMTYxOTUwOTg1MDYxMQ
459B,2-room flexi,2,2,2,2021-05_SBF_U0tfTjRDMzFfMTYxOTUwOTg1MDYxMQ
462A,2-room flexi,2,2,2,2021-05_SBF_U0tfTjRDMzFfMTYxOTUwOTg1MDYxMQ
461A,5-room,1,1,1,2021-05_SBF_U0tfTjRDMzFfMTYxOTUwOTg1MDYxMQ
461A,4-room,1,1,1,2021-05_SBF_U0tfTjRDMzFfMTYxOTUwOTg1MDYxMQ
462B,2-room flexi,2,2,2,2021-05_SBF_U0tfTjRDMzFfMTYxOTUwOTg1MDYxMQ
460A,4-room,4,4,4,2021-05_SBF_U0tfTjRDMzFfMTYxOTUwOTg1MDYxMQ
461B,4-room,1,1,1,2021-05_SBF_U0tfTjRDMzFfMTYxOTUwOTg1MDYxMQ
460B,5-room,1,1,1,2021-05_SBF_U0tfTjRDMzFfMTYxOTUwOTg1MDYxMQ
461C,4-room,1,1,1,2021-05_SBF_U0tfTjRDMzFfMTYxOTUwOTg1MDYxMQ
460C,3gen,1,1,1,2021-05_SBF_U0tfTjRDMzFfMTYxOTUwOTg1MDYxMQ
460C,4-room,1,1,1,2021-05_SBF_U0tfTjRDMzFfMTYxOTUwOTg1MDYxMQ
400A,"3-room (income ceiling $7,000)",2,2,2,2021-05_SBF_U0tfTjRDMzlfMTYxOTUwOTg1MDcwMA
400A,2-room flexi,1,1,1,2021-05_SBF_U0tfTjRDMzlfMTYxOTUwOTg1MDcwMA
400A,4-room,1,1,1,2021-05_SBF_U0tfTjRDMzlfMTYxOTUwOTg1MDcwMA
401D,2-room flexi,3,3,3,2021-05_SBF_U0tfTjRDMzlfMTYxOTUwOTg1MDcwMA
400C,"3-room (income ceiling $7,000)",1,0,1,2021-05_SBF_U0tfTjRDMzlfMTYxOTUwOTg1MDcwMA
400C,4-room,1,1,1,2021-05_SBF_U0tfTjRDMzlfMTYxOTUwOTg1MDcwMA
401E,5-room,2,2,2,2021-05_SBF_U0tfTjRDMzlfMTYxOTUwOTg1MDcwMA
401F,"3-room (income ceiling $7,000)",3,3,3,2021-05_SBF_U0tfTjRDMzlfMTYxOTUwOTg1MDcwMA
402A,5-room,1,1,1,2021-05_SBF_U0tfTjRDNDFfMTYxOTUwOTg1MDcyMg
402A,4-room,2,2,2,2021-05_SBF_U0tfTjRDNDFfMTYxOTUwOTg1MDcyMg
402B,5-room,1,1,1,2021-05_SBF_U0tfTjRDNDFfMTYxOTUwOTg1MDcyMg
402B,4-room,3,3,3,2021-05_SBF_U0tfTjRDNDFfMTYxOTUwOTg1MDcyMg
120B,4-room,2,1,2,2021-05_SBF_VEdfRDFDMl8xNjE5NTA5ODUxNDkz
120A,5-room,1,1,1,2021-05_SBF_VEdfRDFDMl8xNjE5NTA5ODUxNDkz
122B,4-room,1,1,1,2021-05_SBF_VEdfRDFDMl8xNjE5NTA5ODUxNDkz
121A,2-room flexi,1,1,1,2021-05_SBF_VEdfRDFDMl8xNjE5NTA5ODUxNDkz
121A,4-room,2,2,2,2021-05_SBF_VEdfRDFDMl8xNjE5NTA5ODUxNDkz
116B,4-room,1,1,1,2021-05_SBF_VEdfRDFDMl8xNjE5NTA5ODUxNDkz
116A,5-room,1,1,1,2021-05_SBF_VEdfRDFDMl8xNjE5NTA5ODUxNDkz
116A,2-room flexi,1,1,1,2021-05_SBF_VEdfRDFDMl8xNjE5NTA5ODUxNDkz
116A,4-room,2,2,2,2021-05_SBF_VEdfRDFDMl8xNjE5NTA5ODUxNDkz
117A,3gen,1,1,1,2021-05_SBF_VEdfRDFDMl8xNjE5NTA5ODUxNDkz
119B,5-room,1,1,1,2021-05_SBF_VEdfRDFDMl8xNjE5NTA5ODUxNDkz
123C,4-room,3,3,3,2021-05_SBF_VEdfRDFDMV8xNjE5NTA5ODUxMTE5
123B,2-room flexi,14,5,10,2021-05_SBF_VEdfRDFDMV8xNjE5NTA5ODUxMTE5
123B,4-room,2,2,2,2021-05_SBF_VEdfRDFDMV8xNjE5NTA5ODUxMTE5
123A,5-room,2,2,2,2021-05_SBF_VEdfRDFDMV8xNjE5NTA5ODUxMTE5
125B,"3-room (income ceiling $7,000)",5,2,3,2021-05_SBF_VEdfRDFDMV8xNjE5NTA5ODUxMTE5
125B,2-room flexi,48,21,15,2021-05_SBF_VEdfRDFDMV8xNjE5NTA5ODUxMTE5
125B,4-room,1,1,1,2021-05_SBF_VEdfRDFDMV8xNjE5NTA5ODUxMTE5
126C,5-room,2,2,2,2021-05_SBF_VEdfRDFDMV8xNjE5NTA5ODUxMTE5
126C,4-room,1,1,1,2021-05_SBF_VEdfRDFDMV8xNjE5NTA5ODUxMTE5
125A,5-room,1,1,1,2021-05_SBF_VEdfRDFDMV8xNjE5NTA5ODUxMTE5
125A,"3-room (income ceiling $7,000)",13,1,6,2021-05_SBF_VEdfRDFDMV8xNjE5NTA5ODUxMTE5
125A,2-room flexi,56,19,17,2021-05_SBF_VEdfRDFDMV8xNjE5NTA5ODUxMTE5
126B,"3-room (income ceiling $7,000)",1,1,1,2021-05_SBF_VEdfRDFDMV8xNjE5NTA5ODUxMTE5
126B,2-room flexi,2,2,2,2021-05_SBF_VEdfRDFDMV8xNjE5NTA5ODUxMTE5
126B,4-room,1,1,1,2021-05_SBF_VEdfRDFDMV8xNjE5NTA5ODUxMTE5
126A,"3-room (income ceiling $7,000)",3,3,3,2021-05_SBF_VEdfRDFDMV8xNjE5NTA5ODUxMTE5
127B,5-room,2,2,2,2021-05_SBF_VEdfRDFDMV8xNjE5NTA5ODUxMTE5
128B,5-room,1,1,1,2021-05_SBF_VEdfRDFDMV8xNjE5NTA5ODUxMTE5
128B,2-room flexi,21,21,12,2021-05_SBF_VEdfRDFDMV8xNjE5NTA5ODUxMTE5
128B,4-room,1,1,1,2021-05_SBF_VEdfRDFDMV8xNjE5NTA5ODUxMTE5
129C,5-room,3,3,3,2021-05_SBF_VEdfRDFDMV8xNjE5NTA5ODUxMTE5
129C,4-room,1,1,1,2021-05_SBF_VEdfRDFDMV8xNjE5NTA5ODUxMTE5
127A,"3-room (income ceiling $7,000)",1,1,1,2021-05_SBF_VEdfRDFDMV8xNjE5NTA5ODUxMTE5
127A,4-room,1,1,1,2021-05_SBF_VEdfRDFDMV8xNjE5NTA5ODUxMTE5
129B,5-room,1,1,1,2021-05_SBF_VEdfRDFDMV8xNjE5NTA5ODUxMTE5
129B,2-room flexi,14,10,12,2021-05_SBF_VEdfRDFDMV8xNjE5NTA5ODUxMTE5
128A,5-room,1,1,1,2021-05_SBF_VEdfRDFDMV8xNjE5NTA5ODUxMTE5
128A,2-room flexi,16,13,16,2021-05_SBF_VEdfRDFDMV8xNjE5NTA5ODUxMTE5
129A,5-room,2,2,2,2021-05_SBF_VEdfRDFDMV8xNjE5NTA5ODUxMTE5
129A,4-room,1,1,1,2021-05_SBF_VEdfRDFDMV8xNjE5NTA5ODUxMTE5
111C,5-room,2,2,2,2021-05_SBF_VEdfRDFDNF8xNjE5NTA5ODUxOTIx
111B,"3-room (income ceiling $7,000)",1,1,1,2021-05_SBF_VEdfRDFDNF8xNjE5NTA5ODUxOTIx
111B,2-room flexi,1,1,1,2021-05_SBF_VEdfRDFDNF8xNjE5NTA5ODUxOTIx
111A,5-room,2,2,2,2021-05_SBF_VEdfRDFDNF8xNjE5NTA5ODUxOTIx
112A,2-room flexi,1,1,1,2021-05_SBF_VEdfRDFDNF8xNjE5NTA5ODUxOTIx
113A,4-room,3,2,2,2021-05_SBF_VEdfRDFDNF8xNjE5NTA5ODUxOTIx
114A,5-room,1,1,1,2021-05_SBF_VEdfRDFDNF8xNjE5NTA5ODUxOTIx
230B,2-room flexi,1,1,1,2021-05_SBF_VEdfRDJDMl8xNjE5NTA5ODU0ODQ3
230A,4-room,2,1,2,2021-05_SBF_VEdfRDJDMl8xNjE5NTA5ODU0ODQ3
231A,5-room,1,1,1,2021-05_SBF_VEdfRDJDMl8xNjE5NTA5ODU0ODQ3
231A,"3-room (income ceiling $7,000)",1,1,1,2021-05_SBF_VEdfRDJDMl8xNjE5NTA5ODU0ODQ3
231A,4-room,1,1,1,2021-05_SBF_VEdfRDJDMl8xNjE5NTA5ODU0ODQ3
228B,2-room flexi,1,1,1,2021-05_SBF_VEdfRDJDMl8xNjE5NTA5ODU0ODQ3
228A,"3-room (income ceiling $7,000)",1,0,0,2021-05_SBF_VEdfRDJDMl8xNjE5NTA5ODU0ODQ3
228A,2-room flexi,1,1,1,2021-05_SBF_VEdfRDJDMl8xNjE5NTA5ODU0ODQ3
229B,5-room,1,1,1,2021-05_SBF_VEdfRDJDMl8xNjE5NTA5ODU0ODQ3
229A,5-room,1,1,1,2021-05_SBF_VEdfRDJDMl8xNjE5NTA5ODU0ODQ3
229A,4-room,1,1,1,2021-05_SBF_VEdfRDJDMl8xNjE5NTA5ODU0ODQ3
235B,5-room,2,2,2,2021-05_SBF_VEdfRDJDMV8xNjE5NTA5ODUyMDQ3
235B,"3-room (income ceiling $7,000)",11,4,4,2021-05_SBF_VEdfRDJDMV8xNjE5NTA5ODUyMDQ3
235B,2-room flexi,38,10,6,2021-05_SBF_VEdfRDJDMV8xNjE5NTA5ODUyMDQ3
236B,5-room,1,1,1,2021-05_SBF_VEdfRDJDMV8xNjE5NTA5ODUyMDQ3
236B,2-room flexi,47,22,15,2021-05_SBF_VEdfRDJDMV8xNjE5NTA5ODUyMDQ3
236B,4-room,2,2,2,2021-05_SBF_VEdfRDJDMV8xNjE5NTA5ODUyMDQ3
235A,5-room,1,1,1,2021-05_SBF_VEdfRDJDMV8xNjE5NTA5ODUyMDQ3
235A,"3-room (income ceiling $7,000)",21,8,3,2021-05_SBF_VEdfRDJDMV8xNjE5NTA5ODUyMDQ3
235A,2-room flexi,20,4,4,2021-05_SBF_VEdfRDJDMV8xNjE5NTA5ODUyMDQ3
235A,4-room,1,1,1,2021-05_SBF_VEdfRDJDMV8xNjE5NTA5ODUyMDQ3
237B,5-room,2,2,2,2021-05_SBF_VEdfRDJDMV8xNjE5NTA5ODUyMDQ3
237B,2-room flexi,60,23,14,2021-05_SBF_VEdfRDJDMV8xNjE5NTA5ODUyMDQ3
236A,2-room flexi,32,14,14,2021-05_SBF_VEdfRDJDMV8xNjE5NTA5ODUyMDQ3
236A,4-room,1,1,1,2021-05_SBF_VEdfRDJDMV8xNjE5NTA5ODUyMDQ3
238B,5-room,2,2,2,2021-05_SBF_VEdfRDJDMV8xNjE5NTA5ODUyMDQ3
238B,"3-room (income ceiling $7,000)",11,2,3,2021-05_SBF_VEdfRDJDMV8xNjE5NTA5ODUyMDQ3
238B,2-room flexi,36,11,9,2021-05_SBF_VEdfRDJDMV8xNjE5NTA5ODUyMDQ3
237A,2-room flexi,31,16,15,2021-05_SBF_VEdfRDJDMV8xNjE5NTA5ODUyMDQ3
238A,"3-room (income ceiling $7,000)",13,3,3,2021-05_SBF_VEdfRDJDMV8xNjE5NTA5ODUyMDQ3
238A,2-room flexi,63,15,10,2021-05_SBF_VEdfRDJDMV8xNjE5NTA5ODUyMDQ3
781C,"3-room (income ceiling $7,000)",4,0,1,2021-05_SBF_V0xfTjdDMjdfMTYyMDIxOTYwMDA4Mg
781C,2-room flexi,1,1,1,2021-05_SBF_V0xfTjdDMjdfMTYyMDIxOTYwMDA4Mg
781C,4-room,1,0,0,2021-05_SBF_V0xfTjdDMjdfMTYyMDIxOTYwMDA4Mg
781B,5-room,2,1,1,2021-05_SBF_V0xfTjdDMjdfMTYyMDIxOTYwMDA4Mg
774,4-room,1,0,1,2021-05_SBF_V0xfTjdDMjFfMTYyMDIxOTYwMDA4Mg
783D,4-room,1,0,1,2021-05_SBF_V0xfTjdDMjlfMTYyMDM2Mzg0MDA0OA
709,4-room,1,1,1,2021-05_SBF_V0xfTjdDMl8xNjIwMjEyNDAwMDc2
787C,5-room,1,1,1,2021-05_SBF_V0xfTjdDMTlfMTYyMDIxOTYwMDA4MQ
734,4-room,1,1,1,2021-05_SBF_V0xfTjdDMTRfMTYyMDIxMjQwMDA3Nw
784C,4-room,1,1,1,2021-05_SBF_V0xfTjdDMzBfMTYyMDM2Mzg0MDA0OA
764B,2-room flexi,2,0,2,2021-05_SBF_V0xfTjdDMzJfMTYyMDQ1Nzc0MDAyMw
752,4-room,1,1,0,2021-05_SBF_V0xfTjdDOF8xNjIwMjEyNDAwMDc3
102,"3-room (income ceiling $7,000)",1,0,1,2021-05_SBF_V0xfTjFDM18xNjIwMjEyNDAwMjU2
102,4-room,1,0,1,2021-05_SBF_V0xfTjFDM18xNjIwMjEyNDAwMjU2
188B,2-room flexi,3,2,3,2021-05_SBF_V0xfTjFDMjVfMTYyMDIxMjQwMDI1OQ
187A,5-room,1,0,1,2021-05_SBF_V0xfTjFDMjVfMTYyMDIxMjQwMDI1OQ
187A,4-room,4,0,4,2021-05_SBF_V0xfTjFDMjVfMTYyMDIxMjQwMDI1OQ
188A,2-room flexi,2,1,2,2021-05_SBF_V0xfTjFDMjVfMTYyMDIxMjQwMDI1OQ
189B,5-room,1,1,1,2021-05_SBF_V0xfTjFDMjVfMTYyMDIxMjQwMDI1OQ
189A,2-room flexi,2,0,2,2021-05_SBF_V0xfTjFDMjVfMTYyMDIxMjQwMDI1OQ
182B,5-room,1,1,1,2021-05_SBF_V0xfTjFDMjZfMTYyMDM2MzYwMDE4NA
185B,2-room flexi,1,1,1,2021-05_SBF_V0xfTjFDMjZfMTYyMDM2MzYwMDE4NA
180B,"3-room (income ceiling $7,000)",1,0,0,2021-05_SBF_V0xfTjFDMTlfMTYyMDIxMjQwMDI1OA
180B,2-room flexi,3,0,0,2021-05_SBF_V0xfTjFDMTlfMTYyMDIxMjQwMDI1OA
180A,"3-room (income ceiling $7,000)",1,0,0,2021-05_SBF_V0xfTjFDMTlfMTYyMDIxMjQwMDI1OA
180A,2-room flexi,1,0,0,2021-05_SBF_V0xfTjFDMTlfMTYyMDIxMjQwMDI1OA
125,"3-room (income ceiling $7,000)",1,0,0,2021-05_SBF_V0xfTjFDN18xNjIwMjEyNDAwMjU3
133,5-room,1,0,0,2021-05_SBF_V0xfTjFDOV8xNjIwMjEyNDAwMjU3
886D,2-room flexi,2,2,2,2021-05_SBF_V0xfTjhDMjBfMTYyMDQ1ODEwMDA1OQ
831,5-room,1,1,1,2021-05_SBF_V0xfTjhDMl8xNjIwMjE5NjAwMDk2
893A,executive,1,1,1,2021-05_SBF_V0xfTjhDMThfMTYyMDIxOTYwMDA5Nw
864,5-room,1,0,1,2021-05_SBF_V0xfTjhDNUFfMTYyMDIxOTYwMDA5Nw
6,"3-room (income ceiling $7,000)",1,0,0,2021-05_SBF_V0xfTjJDMV8xNjIwMjEyNDAwMjYw
22,"3-room (income ceiling $7,000)",1,0,0,2021-05_SBF_V0xfTjJDNV8xNjIwMjEyNDAwMjYw
302A,2-room flexi,2,0,2,2021-05_SBF_V0xfTjNDMTRfMTYyMDQ1Nzc0MDI3NA
572A,2-room flexi,1,1,1,2021-05_SBF_V0xfTjVDMjFfMTYyMDIxMjQwMDA3Mw
572B,2-room flexi,1,1,1,2021-05_SBF_V0xfTjVDMjFfMTYyMDIxMjQwMDA3Mw
570B,2-room flexi,1,1,1,2021-05_SBF_V0xfTjVDMjFfMTYyMDIxMjQwMDA3Mw
568A,2-room flexi,1,1,1,2021-05_SBF_V0xfTjVDMjRfMTYyMDIxMjQwMDA3Mw
568A,4-room,1,1,1,2021-05_SBF_V0xfTjVDMjRfMTYyMDIxMjQwMDA3Mw
568B,5-room,1,1,1,2021-05_SBF_V0xfTjVDMjRfMTYyMDIxMjQwMDA3Mw
568B,"3-room (income ceiling $7,000)",1,1,1,2021-05_SBF_V0xfTjVDMjRfMTYyMDIxMjQwMDA3Mw
568B,2-room flexi,1,1,1,2021-05_SBF_V0xfTjVDMjRfMTYyMDIxMjQwMDA3Mw
567A,5-room,1,1,1,2021-05_SBF_V0xfTjVDMjRfMTYyMDIxMjQwMDA3Mw
567B,2-room flexi,1,1,1,2021-05_SBF_V0xfTjVDMjRfMTYyMDIxMjQwMDA3Mw
568C,4-room,1,1,1,2021-05_SBF_V0xfTjVDMjRfMTYyMDIxMjQwMDA3Mw
567C,"3-room (income ceiling $7,000)",1,1,1,2021-05_SBF_V0xfTjVDMjRfMTYyMDIxMjQwMDA3Mw
567C,2-room flexi,1,0,0,2021-05_SBF_V0xfTjVDMjRfMTYyMDIxMjQwMDA3Mw
567C,4-room,1,0,0,2021-05_SBF_V0xfTjVDMjRfMTYyMDIxMjQwMDA3Mw
584,4-room,1,1,1,2021-05_SBF_V0xfTjVDMTVfMTYyMDIxMjQwMDI2Mw
573C,4-room,1,1,1,2021-05_SBF_V0xfTjVDMTZfMTYyMDM2MzYwMDE5OQ
537,4-room,1,1,1,2021-05_SBF_V0xfTjVDNl8xNjIwMjEyNDAwMjYy
693A,4-room,1,1,1,2021-05_SBF_V0xfTjZDMjJfMTYyMDM2Mzg0MDA0MQ
694C,5-room,1,1,1,2021-05_SBF_V0xfTjZDMjJfMTYyMDM2Mzg0MDA0MQ
694C,4-room,1,1,1,2021-05_SBF_V0xfTjZDMjJfMTYyMDM2Mzg0MDA0MQ
628B,4-room,1,1,1,2021-05_SBF_V0xfTjZDMTdfMTYyMDIxMjQwMDA3Ng
687A,5-room,1,1,1,2021-05_SBF_V0xfTjZDMTlfMTYyMDIxMjQwMDA3Ng
609,5-room,1,1,0,2021-05_SBF_V0xfTjZDMTNfMTYyMDIxMjQwMDA3NQ
602,4-room,1,1,1,2021-05_SBF_V0xfTjZDMV8xNjIwMjEyNDAwMDc0
683A,4-room,1,1,1,2021-05_SBF_V0xfTjZDNV8xNjIwMjEyNDAwMDc1
708,"3-room (income ceiling $7,000)",1,0,1,2021-05_SBF_WVNfTjdDMl8xNjIwMjE5NjAwMDc2
701B,2-room flexi,5,5,5,2021-05_SBF_WVNfTjdDMThfMTYyMDIxOTYwMDA4MA
782,"3-room (income ceiling $7,000)",1,0,1,2021-05_SBF_WVNfTjdDMTRfMTYyMDIxOTYwMDA3OQ
735,"3-room (income ceiling $7,000)",1,1,1,2021-05_SBF_WVNfTjdDNl8xNjIwMjE5NjAwMDc4
736,4-room,1,1,1,2021-05_SBF_WVNfTjdDNl8xNjIwMjE5NjAwMDc4
727,4-room,1,1,1,2021-05_SBF_WVNfTjdDNV8xNjIwMjE5NjAwMDc4
749,4-room,0,1,1,2021-05_SBF_WVNfTjdDOF8xNjIwMjE5NjAwMDc5
166,4-room,1,1,0,2021-05_SBF_WVNfTjFDMTVfMTYyMDIxOTYwMDA5OQ
118,"3-room (income ceiling $7,000)",1,1,0,2021-05_SBF_WVNfTjFDNV8xNjIwMjE5NjAwMDk4
126,"3-room (income ceiling $7,000)",1,1,1,2021-05_SBF_WVNfTjFDOF8xNjIwMjE5NjAwMDk5
242,"3-room (income ceiling $7,000)",1,1,1,2021-05_SBF_WVNfTjJDNl8xNjIwMjE5NjAwMTAw
242,4-room,1,1,1,2021-05_SBF_WVNfTjJDNl8xNjIwMjE5NjAwMTAw
304,"3-room (income ceiling $7,000)",1,1,1,2021-05_SBF_WVNfTjNDM18xNjIwMjE5NjAwMTAx
333D,2-room flexi,3,3,3,2021-05_SBF_WVNfTjNDMjFfMTYxOTUwOTg1NTU5OA
333C,2-room flexi,2,2,2,2021-05_SBF_WVNfTjNDMjFfMTYxOTUwOTg1NTU5OA
333B,2-room flexi,2,2,2,2021-05_SBF_WVNfTjNDMjFfMTYxOTUwOTg1NTU5OA
317C,2-room flexi,1,1,1,2021-05_SBF_WVNfTjNDMjNfMTYyMDQ1ODEwMDA2NA
317B,2-room flexi,1,1,1,2021-05_SBF_WVNfTjNDMjNfMTYyMDQ1ODEwMDA2NA
381D,"3-room (income ceiling $7,000)",1,0,1,2021-05_SBF_WVNfTjNDMjVfMTYxOTUwOTg1NTYxNQ
383A,5-room,1,1,1,2021-05_SBF_WVNfTjNDMjVfMTYxOTUwOTg1NTYxNQ
382A,2-room flexi,2,2,2,2021-05_SBF_WVNfTjNDMjVfMTYxOTUwOTg1NTYxNQ
383C,2-room flexi,1,1,1,2021-05_SBF_WVNfTjNDMjVfMTYxOTUwOTg1NTYxNQ
382B,5-room,1,1,1,2021-05_SBF_WVNfTjNDMjVfMTYxOTUwOTg1NTYxNQ
381B,5-room,2,1,1,2021-05_SBF_WVNfTjNDMjVfMTYxOTUwOTg1NTYxNQ
381B,4-room,1,1,0,2021-05_SBF_WVNfTjNDMjVfMTYxOTUwOTg1NTYxNQ
382C,4-room,1,1,1,2021-05_SBF_WVNfTjNDMjVfMTYxOTUwOTg1NTYxNQ
381C,4-room,2,1,1,2021-05_SBF_WVNfTjNDMjVfMTYxOTUwOTg1NTYxNQ
390,4-room,1,0,1,2021-05_SBF_WVNfTjNDMTVfMTYyMDIxOTYwMDEwMQ
397,4-room,1,1,1,2021-05_SBF_WVNfTjNDMTZfMTYyMDIxOTYwMDEwMg
472A,4-room,1,1,1,2021-05_SBF_WVNfTjRDMjBfMTYxOTUwOTg1NTY3NA
471A,4-room,1,1,0,2021-05_SBF_WVNfTjRDMjBfMTYxOTUwOTg1NTY3NA
471B,2-room flexi,3,3,3,2021-05_SBF_WVNfTjRDMjBfMTYxOTUwOTg1NTY3NA
470B,4-room,1,1,0,2021-05_SBF_WVNfTjRDMjBfMTYxOTUwOTg1NTY3NA
477A,"3-room (income ceiling $7,000)",1,1,1,2021-05_SBF_WVNfTjRDMjFBLUMyMUJfMTYxOTUwOTg1NTY4MQ
477B,2-room flexi,1,1,1,2021-05_SBF_WVNfTjRDMjFBLUMyMUJfMTYxOTUwOTg1NTY4MQ
476A,"3-room (income ceiling $7,000)",1,1,0,2021-05_SBF_WVNfTjRDMjFBLUMyMUJfMTYxOTUwOTg1NTY4MQ
476A,4-room,2,1,1,2021-05_SBF_WVNfTjRDMjFBLUMyMUJfMTYxOTUwOTg1NTY4MQ
476B,5-room,1,1,1,2021-05_SBF_WVNfTjRDMjFBLUMyMUJfMTYxOTUwOTg1NTY4MQ
477C,2-room flexi,5,0,5,2021-05_SBF_WVNfTjRDMjFBLUMyMUJfMTYxOTUwOTg1NTY4MQ
476C,4-room,1,0,0,2021-05_SBF_WVNfTjRDMjFBLUMyMUJfMTYxOTUwOTg1NTY4MQ
479A,2-room flexi,1,1,1,2021-05_SBF_WVNfTjRDMjJfMTYxOTUwOTg1NTcwMQ
478A,"3-room (income ceiling $7,000)",1,1,0,2021-05_SBF_WVNfTjRDMjJfMTYxOTUwOTg1NTcwMQ
479B,4-room,2,1,1,2021-05_SBF_WVNfTjRDMjJfMTYxOTUwOTg1NTcwMQ
478B,2-room flexi,1,0,1,2021-05_SBF_WVNfTjRDMjJfMTYxOTUwOTg1NTcwMQ
479C,4-room,2,2,0,2021-05_SBF_WVNfTjRDMjJfMTYxOTUwOTg1NTcwMQ
478C,"3-room (income ceiling $7,000)",1,0,1,2021-05_SBF_WVNfTjRDMjJfMTYxOTUwOTg1NTcwMQ
478C,4-room,3,0,2,2021-05_SBF_WVNfTjRDMjJfMTYxOTUwOTg1NTcwMQ
427,4-room,1,1,1,2021-05_SBF_WVNfTjRDMl8xNjIwMjE5NjAwMTA1
462A,2-room flexi,3,3,3,2021-05_SBF_WVNfTjRDMTdfMTYxOTUwOTg1NTYzNw
462D,4-room,1,0,1,2021-05_SBF_WVNfTjRDMTdfMTYxOTUwOTg1NTYzNw
467A,5-room,1,1,1,2021-05_SBF_WVNfTjRDMThfMTYxOTUwOTg1NTY0MA
467A,4-room,1,1,1,2021-05_SBF_WVNfTjRDMThfMTYxOTUwOTg1NTY0MA
467B,5-room,1,1,1,2021-05_SBF_WVNfTjRDMThfMTYxOTUwOTg1NTY0MA
466A,2-room flexi,1,0,1,2021-05_SBF_WVNfTjRDMThfMTYxOTUwOTg1NTY0MA
467C,3gen,1,1,1,2021-05_SBF_WVNfTjRDMThfMTYxOTUwOTg1NTY0MA
467C,4-room,1,1,1,2021-05_SBF_WVNfTjRDMThfMTYxOTUwOTg1NTY0MA
465A,4-room,1,1,1,2021-05_SBF_WVNfTjRDMThfMTYxOTUwOTg1NTY0MA
465B,2-room flexi,1,1,1,2021-05_SBF_WVNfTjRDMThfMTYxOTUwOTg1NTY0MA
465B,4-room,1,1,1,2021-05_SBF_WVNfTjRDMThfMTYxOTUwOTg1NTY0MA
469A,2-room flexi,2,2,2,2021-05_SBF_WVNfTjRDMTlfMTYxOTUwOTg1NTY2OQ
469A,4-room,1,1,1,2021-05_SBF_WVNfTjRDMTlfMTYxOTUwOTg1NTY2OQ
469B,2-room flexi,2,2,2,2021-05_SBF_WVNfTjRDMTlfMTYxOTUwOTg1NTY2OQ
468A,"3-room (income ceiling $7,000)",1,1,0,2021-05_SBF_WVNfTjRDMTlfMTYxOTUwOTg1NTY2OQ
426C,2-room flexi,1,1,1,2021-05_SBF_WVNfTjRDNF8xNjIwNDU4MTAwMDc4
451,4-room,1,1,1,2021-05_SBF_WVNfTjRDNl8xNjIwMjE5NjAwMDUx
509C,4-room,1,1,1,2021-05_SBF_WVNfTjVDNF8xNjIwMjE5NjAwMDU5
506B,"3-room (income ceiling $7,000)",1,1,1,2021-05_SBF_WVNfTjVDNF8xNjIwMjE5NjAwMDU5
676B,3gen,1,1,1,2021-05_SBF_WVNfTjZDMjBfMTYxOTUwOTg1NTcyNA
677C,3gen,1,1,1,2021-05_SBF_WVNfTjZDMjBfMTYxOTUwOTg1NTcyNA
675D,"3-room (income ceiling $7,000)",1,1,1,2021-05_SBF_WVNfTjZDMTdfMTYyMDIxOTYwMDA3NQ
662,4-room,1,1,1,2021-05_SBF_WVNfTjZDNV8xNjIwMjE5NjAwMDU5
640,"3-room (income ceiling $7,000)",1,1,1,2021-05_SBF_WVNfTjZDOV8xNjIwMjE5NjAwMDc0
459,5-room,0,1,1,2021-05_SBF_QU1LX040QzE0XzE2MjAyMTA2MDAwNDc
455B,4-room,0,1,1,2021-05_SBF_QU1LX040QzI1XzE2MjAyMTk2MDAxMjY
434,3-room,0,1,1,2021-05_SBF_QU1LX040QzlfMTYyMDIxMDYwMDAzMQ
591A,3-room,1,1,1,2021-05_SBF_QU1LX041QzI2XzE2MTk1MDk4NDU2MDQ
590A,2-room flexi,1,1,1,2021-05_SBF_QU1LX041QzI2XzE2MTk1MDk4NDU2MDQ
590B,2-room flexi,2,2,2,2021-05_SBF_QU1LX041QzI2XzE2MTk1MDk4NDU2MDQ
512,3-room,0,1,1,2021-05_SBF_QU1LX041QzIyXzE2MjAyMTA2MDAwNDg
504,3-room,0,1,1,2021-05_SBF_QU1LX041QzIyXzE2MjAyMTA2MDAwNDg
506,3-room,0,1,1,2021-05_SBF_QU1LX041QzIyXzE2MjAyMTA2MDAwNDg
596C,4-room,0,1,1,2021-05_SBF_QU1LX041UkMxMl8xNjIwMjEwNjAwMDk4
642,4-room,1,1,1,2021-05_SBF_QU1LX042QzdfMTYyMDIxMDYwMDEwMA
650,2-room flexi,3,3,3,2021-05_SBF_QU1LX042QzI4XzE2MjA0NTMyNDAxNDQ
651A,2-room flexi,4,7,7,2021-05_SBF_QU1LX042QzM0XzE2MTk1MDk4NDYwMDg
651A,4-room,1,1,1,2021-05_SBF_QU1LX042QzM0XzE2MTk1MDk4NDYwMDg
651C,3-room,0,1,1,2021-05_SBF_QU1LX042QzM0XzE2MTk1MDk4NDYwMDg
651C,2-room flexi,0,2,2,2021-05_SBF_QU1LX042QzM0XzE2MTk1MDk4NDYwMDg
651C,4-room,1,1,1,2021-05_SBF_QU1LX042QzM0XzE2MTk1MDk4NDYwMDg
651B,3-room,1,1,1,2021-05_SBF_QU1LX042QzM0XzE2MTk1MDk4NDYwMDg
651B,2-room flexi,1,2,2,2021-05_SBF_QU1LX042QzM0XzE2MTk1MDk4NDYwMDg
651B,4-room,4,4,4,2021-05_SBF_QU1LX042QzM0XzE2MTk1MDk4NDYwMDg
129,3-room,0,1,1,2021-05_SBF_QU1LX04xQzdfMTYyMDIxMDYwMDAyNw
170,3-room,1,1,1,2021-05_SBF_QU1LX04xQzE0XzE2MjAyMTA2MDAwMjg
177,4-room,1,1,1,2021-05_SBF_QU1LX04xQzEzXzE2MjAyMTA2MDAwMjg
180,3-room,1,1,1,2021-05_SBF_QU1LX04xQzEzXzE2MjAyMTA2MDAwMjg
112,3-room,1,1,1,2021-05_SBF_QU1LX04xQzRfMTYyMDIxMDYwMDAyNw
214,4-room,1,1,1,2021-05_SBF_QU1LX04yQzFfMTYyMDIxMDYwMDAyOQ
227A,2-room flexi,3,3,3,2021-05_SBF_QU1LX04yQzMxXzE2MTk1MDk4NDMxNjE
227A,4-room,2,2,2,2021-05_SBF_QU1LX04yQzMxXzE2MTk1MDk4NDMxNjE
228A,4-room,1,1,1,2021-05_SBF_QU1LX04yQzMxXzE2MTk1MDk4NDMxNjE
312,5-room,1,1,1,2021-05_SBF_QU1LX04zQzNfMTYyMDIxMDYwMDAzMQ
328,3-room,1,1,1,2021-05_SBF_QU1LX04zQzZfMTYyMDIxMDYwMDAzMQ
188D,2-room flexi,2,2,2,2021-05_SBF_QkRfTjFDMjBfMTYyMDM2MTMyMDQzMg
187A,4-room,1,1,1,2021-05_SBF_QkRfTjFDMjBfMTYyMDM2MTMyMDQzMg
105,3-room,1,1,1,2021-05_SBF_QkRfTjFDMTBfMTYyMDIxMDYwMDEyNw
77,3-room,1,1,1,2021-05_SBF_QkRfTjFDMTRfMTYyMDIxMDYwMDEyNw
75,3-room,1,1,1,2021-05_SBF_QkRfTjFDMTRfMTYyMDIxMDYwMDEyNw
88,3-room,1,1,1,2021-05_SBF_QkRfTjFDMTVfMTYyMDIxMDYwMDEyOA
84,3-room,1,1,1,2021-05_SBF_QkRfTjFDMTVfMTYyMDIxMDYwMDEyOA
59,3-room,1,1,1,2021-05_SBF_QkRfTjhDOV8xNjIwMjEwNjAwMTcy
29A,executive,1,1,1,2021-05_SBF_QkRfTjhSQzJfMTYyMDIxMDYwMDE3Mg
39,3-room,1,1,1,2021-05_SBF_QkRfTjJDMF8xNjIwMjEwNjAwMTI4
403,4-room,1,1,1,2021-05_SBF_QkRfTjRDNF8xNjIwMjEwNjAwMTUw
409,3-room,1,1,1,2021-05_SBF_QkRfTjRDNFVfMTYyMDIxMDYwMDE1MQ
222C,2-room flexi,4,4,4,2021-05_SBF_QkRfTjRDOF8xNjE5NTA5ODQ3OTgz
222A,4-room,3,3,3,2021-05_SBF_QkRfTjRDOF8xNjE5NTA5ODQ3OTgz
430A,4-room,1,2,2,2021-05_SBF_QkRfTjRDOV8xNjE5NTA5ODQ4MDA3
429B,3-room,1,1,1,2021-05_SBF_QkRfTjRDOV8xNjE5NTA5ODQ4MDA3
429B,4-room,1,1,1,2021-05_SBF_QkRfTjRDOV8xNjE5NTA5ODQ4MDA3
509B,2-room flexi,9,0,4,2021-05_SBF_QkRfTjVDMTdfMTYyMDQ1MzI0MDAxNw
530,3-room,1,0,1,2021-05_SBF_QkRfTjVDMTFfMTYyMDIxMDYwMDE1NQ
535,2-room flexi,1,0,1,2021-05_SBF_QkRfTjVDMTJBXzE2MjAyMTA2MDAxNTY
533,3-room,1,0,1,2021-05_SBF_QkRfTjVDMTJfMTYyMDIxMDYwMDE1NQ
536,4-room,1,0,1,2021-05_SBF_QkRfTjVDMTJfMTYyMDIxMDYwMDE1NQ
547A,3-room,1,0,1,2021-05_SBF_QkRfTjVDMTlfMTYxOTUwOTg0ODA5NQ
547A,2-room flexi,1,0,1,2021-05_SBF_QkRfTjVDMTlfMTYxOTUwOTg0ODA5NQ
547B,3-room,1,1,1,2021-05_SBF_QkRfTjVDMTlfMTYxOTUwOTg0ODA5NQ
540,executive,1,0,1,2021-05_SBF_QkRfTjVDMTRfMTYyMDIxMDYwMDE1Ng
520,3-room,1,0,1,2021-05_SBF_QkRfTjVDOV8xNjIwMjEwNjAwMTU0
620,3-room,1,1,1,2021-05_SBF_QkRfTjZDMl8xNjIwMjEwNjAwMTcx
101,5-room,1,0,1,2021-05_SBF_QkRfTjZDMS1DMl8xNjIwMjEwNjAwMTcx
103,4-room,1,1,1,2021-05_SBF_QkRfTjZDMS1DMl8xNjIwMjEwNjAwMTcx
105,3-room,1,1,1,2021-05_SBF_QkRfTjZDMS1DMl8xNjIwMjEwNjAwMTcx
146,4-room,1,1,1,2021-05_SBF_QkRfTjZDNl8xNjIwMjEwNjAwMTcy
170,4-room,1,1,1,2021-05_SBF_QkhfTjFDMTFfMTYyMDIxMDYwMDE3Mw
152B,2-room flexi,4,4,4,2021-05_SBF_QkhfTjFDMzJfMTYyMDIxMDYwMDE3NA
241,4-room,0,1,1,2021-05_SBF_QkhfTjJDMjBBXzE2MjAyMTA2MDAxNzU
287,4-room,0,1,1,2021-05_SBF_QkhfTjJDMjVfMTYyMDIxMDYwMDE3NQ
22,3-room,1,1,1,2021-05_SBF_QkhfTjNDMl8xNjIwMjEwNjAwMTc2
402,5-room,0,1,1,2021-05_SBF_QkhfTjRDM18xNjIwMjEwNjAwMTc2
102A,2-room flexi,0,2,2,2021-05_SBF_Qk1fTjFDMTlDXzE2MjA0NTcwMjAwOTg
80B,2-room flexi,0,2,2,2021-05_SBF_Qk1fTjFDMzlfMTYyMDQ1NzAyMDA5OQ
76,2-room flexi,0,1,1,2021-05_SBF_Qk1fTjFDN18xNjIwMzYxNTYwMDkz
93A,4-room,0,1,1,2021-05_SBF_Qk1fTjFDNTBfMTYyMDM2MTU2MDExNw
92B,2-room flexi,0,1,1,2021-05_SBF_Qk1fTjFDNTBfMTYyMDM2MTU2MDExNw
70C,4-room,0,1,1,2021-05_SBF_Qk1fTjFDNTJfMTYyMDM2MTU2MDExOA
28,2-room flexi,1,1,1,2021-05_SBF_Qk1fTjhDNl8xNjIwMjEwNjAwMTk2
42,3-room,1,1,1,2021-05_SBF_Qk1fTjJDM18xNjIwMjEwNjAwMTc4
12,3-room,1,1,1,2021-05_SBF_Qk1fTjJDNEFfMTYyMDIxMDYwMDE3OA
17,4-room,0,1,1,2021-05_SBF_Qk1fTjJSQzIwXzE2MjAyMTA2MDAxNzk
102,3-room,1,1,1,2021-05_SBF_Qk1fTjNDM18xNjIwMjEwNjAwMTc5
127C,2-room flexi,0,1,1,2021-05_SBF_Qk1fTjRSQzQwXzE2MjAyMTA2MDAxNzk
127A,2-room flexi,0,1,1,2021-05_SBF_Qk1fTjRSQzQwXzE2MjAyMTA2MDAxNzk
2,2-room flexi,1,1,1,2021-05_SBF_Qk1fTjVDMC1DM18xNjIwMjEwNjAwMTgw
14,2-room flexi,0,1,1,2021-05_SBF_Qk1fTjVDMC1DM18xNjIwMjEwNjAwMTgw
48,2-room flexi,1,1,1,2021-05_SBF_Qk1fTjVDN18xNjIwMjEwNjAwMTgw
10B,2-room flexi,1,1,1,2021-05_SBF_Qk1fTjVSMzdCXzE2MjA0NTcwMjAxMjI
58,2-room flexi,1,1,1,2021-05_SBF_Qk1fTjVSQzIzXzE2MjA0NTcwMjAxMjM
52,2-room flexi,0,1,1,2021-05_SBF_Qk1fTjVSQzIzXzE2MjA0NTcwMjAxMjM
95A,2-room flexi,0,3,3,2021-05_SBF_Qk1fTjZSQzUzXzE2MjAyMTA2MDAxOTU
95B,2-room flexi,2,3,3,2021-05_SBF_Qk1fTjZSQzUzXzE2MjAyMTA2MDAxOTU
730,3-room,1,1,1,2021-05_SBF_Q0xfTjdDM18xNjIwMjEwNjAwMjQx
710,3-room,1,1,1,2021-05_SBF_Q0xfTjdDN18xNjIwMjEwNjAwMjQy
103,5-room,1,1,1,2021-05_SBF_Q0xfTjFDM18xNjIwMjEwNjAwMjM2
801C,3gen,1,1,1,2021-05_SBF_Q0xfTjhDMV8xNjE5NTA5ODQ4NzY2
801C,4-room,2,2,1,2021-05_SBF_Q0xfTjhDMV8xNjE5NTA5ODQ4NzY2
801B,3-room,4,4,4,2021-05_SBF_Q0xfTjhDMV8xNjE5NTA5ODQ4NzY2
801B,2-room flexi,1,1,1,2021-05_SBF_Q0xfTjhDMV8xNjE5NTA5ODQ4NzY2
209B,3gen,1,1,1,2021-05_SBF_Q0xfTjJDM18xNjE5NTA5ODQ4NjA0
209B,4-room,1,1,1,2021-05_SBF_Q0xfTjJDM18xNjE5NTA5ODQ4NjA0
209A,5-room,1,1,1,2021-05_SBF_Q0xfTjJDM18xNjE5NTA5ODQ4NjA0
209A,4-room,2,2,2,2021-05_SBF_Q0xfTjJDM18xNjE5NTA5ODQ4NjA0
210C,5-room,1,2,2,2021-05_SBF_Q0xfTjJDM18xNjE5NTA5ODQ4NjA0
210A,4-room,1,2,2,2021-05_SBF_Q0xfTjJDM18xNjE5NTA5ODQ4NjA0
211A,3-room,2,2,2,2021-05_SBF_Q0xfTjJDM18xNjE5NTA5ODQ4NjA0
301,4-room,0,1,1,2021-05_SBF_Q0xfTjNDM0EtQzNCXzE2MjAyMTA2MDAyMzc
306,3-room,1,1,1,2021-05_SBF_Q0xfTjNDM0EtQzNCXzE2MjAyMTA2MDAyMzc
308,4-room,1,1,1,2021-05_SBF_Q0xfTjNDM0EtQzNCXzE2MjAyMTA2MDAyMzc
312B,3-room,1,1,1,2021-05_SBF_Q0xfTjNDMThCXzE2MTk1MDk4NDg2NzU
312A,4-room,1,1,1,2021-05_SBF_Q0xfTjNDMThCXzE2MTk1MDk4NDg2NzU
327,3-room,0,1,1,2021-05_SBF_Q0xfTjNDOEFfMTYyMDIxMDYwMDIzOA
339,3-room,1,1,1,2021-05_SBF_Q0xfTjNDOUJfMTYyMDIxMDYwMDIzOA
466A,3-room,2,2,2,2021-05_SBF_Q0xfTjRDMTJfMTYxOTUwOTg0ODcyNg
466A,4-room,1,1,1,2021-05_SBF_Q0xfTjRDMTJfMTYxOTUwOTg0ODcyNg
465A,5-room,1,1,1,2021-05_SBF_Q0xfTjRDMTJfMTYxOTUwOTg0ODcyNg
465A,4-room,0,3,3,2021-05_SBF_Q0xfTjRDMTJfMTYxOTUwOTg0ODcyNg
464A,4-room,3,3,3,2021-05_SBF_Q0xfTjRDMTJfMTYxOTUwOTg0ODcyNg
464B,3-room,1,1,1,2021-05_SBF_Q0xfTjRDMTJfMTYxOTUwOTg0ODcyNg
464B,5-room,1,1,1,2021-05_SBF_Q0xfTjRDMTJfMTYxOTUwOTg0ODcyNg
418,2-room flexi,2,2,2,2021-05_SBF_Q0xfTjRDOF8xNjE5NTA5ODQ4Njk4
87,3-room,1,1,1,2021-05_SBF_R0xfTjFDM0FfMTYyMDIxMDYwMDI0Mw
50,3-room,1,1,1,2021-05_SBF_R0xfTjFDMl8xNjIwMjEwNjAwMjQz
82A,2-room flexi,2,2,2,2021-05_SBF_R0xfTjFDNDNCXzE2MTk1MDk4NDg4MTM
24,3-room,2,2,2,2021-05_SBF_R0xfTjFDOUFfMTYyMDIxMDYwMDI0NA
19,3-room,1,1,1,2021-05_SBF_R0xfTjFDOUFfMTYyMDIxMDYwMDI0NA
63,3-room,0,1,1,2021-05_SBF_R0xfTjNDMjhfMTYyMDM2MTgwMDA1Mg
63,2-room flexi,0,3,3,2021-05_SBF_R0xfTjNDMjhfMTYyMDM2MTgwMDA1Mg
36,3-room,0,1,1,2021-05_SBF_R0xfTjRDMEFfMTYyMDIxMDYwMDI0Ng
92A,2-room flexi,1,2,2,2021-05_SBF_R0xfTjRDMTVfMTYxOTUwOTg0ODg4MQ
92A,4-room,1,1,1,2021-05_SBF_R0xfTjRDMTVfMTYxOTUwOTg0ODg4MQ
91A,3-room,1,1,1,2021-05_SBF_R0xfTjRDMTVfMTYxOTUwOTg0ODg4MQ
91A,2-room flexi,2,2,2,2021-05_SBF_R0xfTjRDMTVfMTYxOTUwOTg0ODg4MQ
91A,4-room,1,2,2,2021-05_SBF_R0xfTjRDMTVfMTYxOTUwOTg0ODg4MQ
90A,2-room flexi,2,2,2,2021-05_SBF_R0xfTjRDMTVfMTYxOTUwOTg0ODg4MQ
90A,4-room,1,1,1,2021-05_SBF_R0xfTjRDMTVfMTYxOTUwOTg0ODg4MQ
91B,2-room flexi,0,1,1,2021-05_SBF_R0xfTjRDMTVfMTYxOTUwOTg0ODg4MQ
90B,3-room,0,1,1,2021-05_SBF_R0xfTjRDMTVfMTYxOTUwOTg0ODg4MQ
90B,2-room flexi,1,1,1,2021-05_SBF_R0xfTjRDMTVfMTYxOTUwOTg0ODg4MQ
90B,4-room,3,3,3,2021-05_SBF_R0xfTjRDMTVfMTYxOTUwOTg0ODg4MQ
38A,3-room,3,4,4,2021-05_SBF_R0xfTjRDMUFfMTYxOTUwOTg0ODg0MQ
38A,2-room flexi,1,1,1,2021-05_SBF_R0xfTjRDMUFfMTYxOTUwOTg0ODg0MQ
37A,2-room flexi,3,3,3,2021-05_SBF_R0xfTjRDMUFfMTYxOTUwOTg0ODg0MQ
52,3-room,0,1,1,2021-05_SBF_R0xfTjRDMV8xNjE5NTA5ODQ4ODM2
356D,4-room,2,2,2,2021-05_SBF_R0xfTjZDMjlfMTYxOTUwOTg0OTA5OQ
356C,4-room,0,1,1,2021-05_SBF_R0xfTjZDMjlfMTYxOTUwOTg0OTA5OQ
357D,4-room,1,1,1,2021-05_SBF_R0xfTjZDMjlfMTYxOTUwOTg0OTA5OQ
357C,4-room,3,3,3,2021-05_SBF_R0xfTjZDMjlfMTYxOTUwOTg0OTA5OQ
358D,3-room,2,2,2,2021-05_SBF_R0xfTjZDMjlfMTYxOTUwOTg0OTA5OQ
358D,2-room flexi,2,2,2,2021-05_SBF_R0xfTjZDMjlfMTYxOTUwOTg0OTA5OQ
358D,4-room,2,2,2,2021-05_SBF_R0xfTjZDMjlfMTYxOTUwOTg0OTA5OQ
356A,4-room,0,1,1,2021-05_SBF_R0xfTjZDMjlfMTYxOTUwOTg0OTA5OQ
357B,4-room,1,2,2,2021-05_SBF_R0xfTjZDMjlfMTYxOTUwOTg0OTA5OQ
358A,4-room,2,3,2,2021-05_SBF_R0xfTjZDMjlfMTYxOTUwOTg0OTA5OQ
313,4-room,1,1,1,2021-05_SBF_R0xfTjZDMzhfMTYyMDIxMDYwMDI3NQ
336,4-room,1,1,0,2021-05_SBF_R0xfTjZDMzRfMTYyMDIxMDYwMDI3NQ
26A,2-room flexi,2,2,2,2021-05_SBF_S1dOX040QzIxXzE2MTk1MDk4NDk0OTc
25A,2-room flexi,1,1,1,2021-05_SBF_S1dOX040QzIxXzE2MTk1MDk4NDk0OTc
25A,4-room,1,1,1,2021-05_SBF_S1dOX040QzIxXzE2MTk1MDk4NDk0OTc
8,3-room,1,1,0,2021-05_SBF_S1dOX040QzNfMTYyMDIxMDYwMDM0Mg
113D,2-room flexi,1,1,1,2021-05_SBF_S1dOX041QzIwQ18xNjIwNDU3MjAwMDU5
113C,2-room flexi,0,1,1,2021-05_SBF_S1dOX041QzIwQ18xNjIwNDU3MjAwMDU5
149A,4-room,1,1,1,2021-05_SBF_S1dOX041QzQzXzE2MTk1MDk4NDk1MjY
34,3-room,1,1,1,2021-05_SBF_S1dOX041QzRfMTYyMDIxMDYwMDM0Mw
1A,3-room,2,2,2,2021-05_SBF_S1dOX041QzU4XzE2MTk1MDk4NDk1NDc
1A,2-room flexi,4,4,4,2021-05_SBF_S1dOX041QzU4XzE2MTk1MDk4NDk1NDc
2B,3-room,1,1,1,2021-05_SBF_S1dOX041QzU4XzE2MTk1MDk4NDk1NDc
2B,4-room,6,6,6,2021-05_SBF_S1dOX041QzU4XzE2MTk1MDk4NDk1NDc
2A,3-room,1,1,1,2021-05_SBF_S1dOX041QzU4XzE2MTk1MDk4NDk1NDc
2A,2-room flexi,0,1,1,2021-05_SBF_S1dOX041QzU4XzE2MTk1MDk4NDk1NDc
117B,3-room,1,1,1,2021-05_SBF_S1dOX042QzI4Ql8xNjE5NTA5ODQ5NTc2
117A,4-room,1,1,1,2021-05_SBF_S1dOX042QzI4Ql8xNjE5NTA5ODQ5NTc2
78,2-room flexi,3,3,3,2021-05_SBF_S1dOX043QzEwXzE2MjA0NTcyMDAwNjQ
76,3-room,1,1,0,2021-05_SBF_S1dOX043QzFfMTYyMDIxMDYwMDM0Ng
93,3-room,1,1,1,2021-05_SBF_S1dOX043QzVfMTYyMDIxMDYwMDM2MA
15,3-room,0,1,1,2021-05_SBF_S1dOX04xUkM0NV8xNjE5NTA5ODQ5NDMw
112,4-room,0,1,1,2021-05_SBF_S1dOX04zQzFfMTYyMDIxMDYwMDM0MA
8C,5-room,1,1,1,2021-05_SBF_S1dOX04zQzIzQl8xNjE5NTA5ODQ5NDM4
8C,2-room flexi,1,1,1,2021-05_SBF_S1dOX04zQzIzQl8xNjE5NTA5ODQ5NDM4
115B,4-room,2,2,2,2021-05_SBF_S1dOX04zQzQ3XzE2MTk1MDk4NDk0NTU
115A,3-room,1,1,1,2021-05_SBF_S1dOX04zQzQ3XzE2MTk1MDk4NDk0NTU
4,3-room,1,1,1,2021-05_SBF_TVBfTjJDMV8xNjIwMjEwNjAwMzYx
457,executive,1,0,1,2021-05_SBF_UFJDX040QzdfMTYyMDIxMTgwMDE0MA
517,5-room,1,1,1,2021-05_SBF_UFJDX041QzE1XzE2MjAyMTE4MDAxNDE
559,4-room,1,0,1,2021-05_SBF_UFJDX041QzNfMTYyMDIxMTgwMDE0MA
530D,4-room,1,1,1,2021-05_SBF_UFJDX041UEgxXzE2MjAyMTE4MDAxNDI
605,executive,1,1,0,2021-05_SBF_UFJDX042QzJfMTYyMDIxMTgwMDE0Mg
136,executive,1,0,0,2021-05_SBF_UFJDX04xQzEwXzE2MjAyMTE4MDAxMzg
145,4-room,1,0,0,2021-05_SBF_UFJDX04xQzNfMTYyMDIxMTgwMDEzNw
125,4-room,1,0,0,2021-05_SBF_UFJDX04xQzVfMTYyMDIxMTgwMDEzNw
114,5-room,1,0,0,2021-05_SBF_UFJDX04xQzZBXzE2MjAyMTE4MDAxMzg
232,5-room,1,0,0,2021-05_SBF_UFJDX04yQzFBXzE2MjAyMTE4MDAxMzk
212A,2-room flexi,4,0,0,2021-05_SBF_UFJDX04yQzlfMTYyMDQ1NzM4MDEyMA
28C,3-room,0,1,1,2021-05_SBF_UVRfTjdSQzIxXzE2MjAyMTE4MDAwNjE
33,3-room,0,1,1,2021-05_SBF_UVRfTjFDM18xNjE5NTA5ODUwMTA0
33,5-room,0,1,1,2021-05_SBF_UVRfTjFDM18xNjE5NTA5ODUwMTA0
33,4-room,0,1,1,2021-05_SBF_UVRfTjFDM18xNjE5NTA5ODUwMTA0
35,2-room flexi,3,3,3,2021-05_SBF_UVRfTjFDM18xNjE5NTA5ODUwMTA0
31,3-room,1,1,1,2021-05_SBF_UVRfTjFDM18xNjE5NTA5ODUwMTA0
31,2-room flexi,2,2,0,2021-05_SBF_UVRfTjFDM18xNjE5NTA5ODUwMTA0
90,2-room flexi,0,2,2,2021-05_SBF_UVRfTjFDMl8xNjIwNDU3MzgwMTM5
92,2-room flexi,0,1,1,2021-05_SBF_UVRfTjFDMl8xNjIwNDU3MzgwMTM5
53,3-room,1,1,1,2021-05_SBF_UVRfTjFDN18xNjE5NTA5ODUwMTc0
53,2-room flexi,1,1,1,2021-05_SBF_UVRfTjFDN18xNjE5NTA5ODUwMTc0
53,4-room,1,1,1,2021-05_SBF_UVRfTjFDN18xNjE5NTA5ODUwMTc0
95,3-room,1,1,1,2021-05_SBF_UVRfTjFDNV8xNjE5NTA5ODUwMTY2
95,2-room flexi,2,2,2,2021-05_SBF_UVRfTjFDNV8xNjE5NTA5ODUwMTY2
96,3-room,2,2,2,2021-05_SBF_UVRfTjFDNV8xNjE5NTA5ODUwMTY2
62B,2-room flexi,0,2,2,2021-05_SBF_UVRfTjFSQzE3XzE2MjA0NTczODAwMjI
61A,2-room flexi,0,2,1,2021-05_SBF_UVRfTjFSQzE3XzE2MjA0NTczODAwMjI
89,2-room flexi,0,1,1,2021-05_SBF_UVRfTjNDM18xNjIwMjExODAwMTY3
89,2-room flexi,1,1,1,2021-05_SBF_UVRfTjRSQzI2XzE2MTk1MDk4NTAyMDE
90,2-room flexi,0,1,1,2021-05_SBF_UVRfTjRSQzI2XzE2MTk1MDk4NTAyMDE
91,2-room flexi,0,2,2,2021-05_SBF_UVRfTjRSQzI2XzE2MTk1MDk4NTAyMDE
8,3-room,0,1,1,2021-05_SBF_UVRfTjVDMV8xNjIwMjExODAwMDU0
32,3-room,0,1,1,2021-05_SBF_UVRfTjVDNV8xNjIwMjExODAwMDU2
18D,4-room,0,1,1,2021-05_SBF_UVRfTjVSQzI0XzE2MjAyMTE4MDAwNTY
8,5-room,0,1,1,2021-05_SBF_UVRfTjZDMi1DNF8xNjIwMjExODAwMDU3
21,3-room,1,1,1,2021-05_SBF_UVRfTjZDMi1DNF8xNjIwMjExODAwMDU3
29,4-room,0,1,1,2021-05_SBF_UVRfTjZSMjVBXzE2MjAzNjM0ODAwNTA
30,2-room flexi,1,1,1,2021-05_SBF_UVRfTjZSMjVBXzE2MjAzNjM0ODAwNTA
31,4-room,1,1,1,2021-05_SBF_UVRfTjZSMjVBXzE2MjAzNjM0ODAwNTA
26,2-room flexi,0,1,1,2021-05_SBF_UVRfTjZSQzI1XzE2MjAyMTE4MDAwNTk
535A,5-room,1,1,1,2021-05_SBF_U0dOX041QzE0XzE2MjAyMTIxMDAwOTc
216,5-room,0,1,1,2021-05_SBF_U0dOX04yQzNfMTYyMDIxMjEwMDA5Nw
451,4-room,1,1,1,2021-05_SBF_VEFQX040QzE1XzE2MjAyMTIxMDAwNjU
496D,5-room,1,1,0,2021-05_SBF_VEFQX040QzE3XzE2MjAyMTIxMDAwNjY
492C,5-room,1,1,1,2021-05_SBF_VEFQX040QzE5XzE2MjAyMTIxMDAwNjY
410,3-room,2,2,2,2021-05_SBF_VEFQX040QzEwXzE2MjAyMTIxMDAwNjQ
463,3-room,1,1,1,2021-05_SBF_VEFQX040QzEzXzE2MjAyMTIxMDAwNjQ
494D,2-room flexi,1,1,1,2021-05_SBF_VEFQX040QzI3XzE2MjA0NTc1NjAxMTg
494E,2-room flexi,2,2,2,2021-05_SBF_VEFQX040QzI3XzE2MjA0NTc1NjAxMTg
519B,5-room,1,1,1,2021-05_SBF_VEFQX041UEgyXzE2MjAyMTIxMDAwNjg
648B,3-room,1,1,1,2021-05_SBF_VEFQX042QzE5XzE2MTk1MDk4NTA4OTE
648A,3-room,2,2,2,2021-05_SBF_VEFQX042QzE5XzE2MTk1MDk4NTA4OTE
648A,4-room,1,1,1,2021-05_SBF_VEFQX042QzE5XzE2MTk1MDk4NTA4OTE
601A,4-room,1,0,1,2021-05_SBF_VEFQX042QzFBXzE2MTk1MDk4NTA4MTM
606A,3-room,1,1,1,2021-05_SBF_VEFQX042QzFBXzE2MTk1MDk4NTA4MTM
605B,3-room,2,0,2,2021-05_SBF_VEFQX042QzFBXzE2MTk1MDk4NTA4MTM
605A,4-room,1,1,1,2021-05_SBF_VEFQX042QzFBXzE2MTk1MDk4NTA4MTM
625A,4-room,1,1,1,2021-05_SBF_VEFQX042QzhfMTYxOTUwOTg1MDg0OQ
622A,5-room,1,1,1,2021-05_SBF_VEFQX042QzhfMTYxOTUwOTg1MDg0OQ
622A,4-room,3,3,3,2021-05_SBF_VEFQX042QzhfMTYxOTUwOTg1MDg0OQ
624B,3gen,2,2,2,2021-05_SBF_VEFQX042QzhfMTYxOTUwOTg1MDg0OQ
623A,4-room,1,1,1,2021-05_SBF_VEFQX042QzhfMTYxOTUwOTg1MDg0OQ
623C,5-room,1,1,1,2021-05_SBF_VEFQX042QzhfMTYxOTUwOTg1MDg0OQ
623C,4-room,1,1,1,2021-05_SBF_VEFQX042QzhfMTYxOTUwOTg1MDg0OQ
621A,3-room,2,0,2,2021-05_SBF_VEFQX042QzhfMTYxOTUwOTg1MDg0OQ
621A,5-room,1,0,1,2021-05_SBF_VEFQX042QzhfMTYxOTUwOTg1MDg0OQ
618B,5-room,1,1,1,2021-05_SBF_VEFQX042QzhfMTYxOTUwOTg1MDg0OQ
618A,5-room,1,1,0,2021-05_SBF_VEFQX042QzhfMTYxOTUwOTg1MDg0OQ
626A,5-room,1,1,1,2021-05_SBF_VEFQX042QzhfMTYxOTUwOTg1MDg0OQ
626A,4-room,2,2,2,2021-05_SBF_VEFQX042QzhfMTYxOTUwOTg1MDg0OQ
627A,4-room,2,2,2,2021-05_SBF_VEFQX042QzhfMTYxOTUwOTg1MDg0OQ
646A,5-room,2,1,2,2021-05_SBF_VEFQX042QzIwXzE2MTk1MDk4NTA4OTg
646A,4-room,1,0,1,2021-05_SBF_VEFQX042QzIwXzE2MTk1MDk4NTA4OTg
645B,5-room,1,1,1,2021-05_SBF_VEFQX042QzIwXzE2MTk1MDk4NTA4OTg
645B,4-room,1,1,1,2021-05_SBF_VEFQX042QzIwXzE2MTk1MDk4NTA4OTg
646B,4-room,1,1,1,2021-05_SBF_VEFQX042QzIwXzE2MTk1MDk4NTA4OTg
610A,5-room,1,0,1,2021-05_SBF_VEFQX042QzJBXzE2MjAzNjM2MDAyMDY
610A,4-room,1,1,1,2021-05_SBF_VEFQX042QzJBXzE2MjAzNjM2MDAyMDY
608A,5-room,1,1,1,2021-05_SBF_VEFQX042QzJBXzE2MjAzNjM2MDAyMDY
609D,2-room flexi,1,0,0,2021-05_SBF_VEFQX042QzJBXzE2MjAzNjM2MDAyMDY
608C,3-room,1,1,1,2021-05_SBF_VEFQX042QzJBXzE2MjAzNjM2MDAyMDY
609C,2-room flexi,3,1,3,2021-05_SBF_VEFQX042QzJBXzE2MjAzNjM2MDAyMDY
613A,3-room,2,0,2,2021-05_SBF_VEFQX042QzJCXzE2MTk1MDk4NTA4MjI
613A,4-room,1,0,1,2021-05_SBF_VEFQX042QzJCXzE2MTk1MDk4NTA4MjI
614B,4-room,1,1,1,2021-05_SBF_VEFQX042QzJCXzE2MTk1MDk4NTA4MjI
612B,5-room,1,1,1,2021-05_SBF_VEFQX042QzJCXzE2MTk1MDk4NTA4MjI
663B,5-room,1,1,1,2021-05_SBF_VEFQX042QzRfMTYxOTUwOTg1MDgyNw
663B,4-room,4,4,4,2021-05_SBF_VEFQX042QzRfMTYxOTUwOTg1MDgyNw
662A,5-room,1,1,1,2021-05_SBF_VEFQX042QzRfMTYxOTUwOTg1MDgyNw
662C,4-room,3,3,3,2021-05_SBF_VEFQX042QzRfMTYxOTUwOTg1MDgyNw
663C,4-room,2,2,2,2021-05_SBF_VEFQX042QzRfMTYxOTUwOTg1MDgyNw
662B,5-room,1,1,1,2021-05_SBF_VEFQX042QzRfMTYxOTUwOTg1MDgyNw
733,5-room,1,1,1,2021-05_SBF_VEFQX043QzdfMTYyMDIxMjQwMDEwMA
708,4-room,1,1,1,2021-05_SBF_VEFQX043QzNfMTYyMDIxMjQwMDEwMA
868B,2-room flexi,2,2,2,2021-05_SBF_VEFQX044QzI2XzE2MjA0NTc1NjAwMjQ
868C,2-room flexi,1,0,1,2021-05_SBF_VEFQX044QzI2XzE2MjA0NTc1NjAwMjQ
808,3-room,1,1,1,2021-05_SBF_VEFQX044QzItQzNCXzE2MjAyMTI0MDAxMDE
803,3-room,1,1,1,2021-05_SBF_VEFQX044QzItQzNCXzE2MjAyMTI0MDAxMDE
871A,4-room,1,0,1,2021-05_SBF_VEFQX044QzIyQV8xNjIwMjEyNDAwMTAy
874C,4-room,1,1,1,2021-05_SBF_VEFQX044QzMyQl8xNjE5NTA5ODUxMDEw
874D,3gen,1,1,1,2021-05_SBF_VEFQX044QzMyQl8xNjE5NTA5ODUxMDEw
876A,5-room,2,0,2,2021-05_SBF_VEFQX044QzMyQV8xNjE5NTA5ODUxMDA2
876A,3gen,2,0,2,2021-05_SBF_VEFQX044QzMyQV8xNjE5NTA5ODUxMDA2
827A,2-room flexi,8,8,8,2021-05_SBF_VEFQX044QzRDXzE2MjA0NTc1NjAwMjM
953A,5-room,1,1,1,2021-05_SBF_VEFQX045QzE4XzE2MTk1MDk4NTEwMjU
953A,4-room,1,1,1,2021-05_SBF_VEFQX045QzE4XzE2MTk1MDk4NTEwMjU
954B,3-room,1,1,1,2021-05_SBF_VEFQX045QzE4XzE2MTk1MDk4NTEwMjU
954C,4-room,2,2,2,2021-05_SBF_VEFQX045QzE4XzE2MTk1MDk4NTEwMjU
954A,3-room,1,1,1,2021-05_SBF_VEFQX045QzE4XzE2MTk1MDk4NTEwMjU
951A,4-room,1,1,1,2021-05_SBF_VEFQX045QzE4XzE2MTk1MDk4NTEwMjU
952B,4-room,1,1,1,2021-05_SBF_VEFQX045QzE4XzE2MTk1MDk4NTEwMjU
953C,5-room,1,1,1,2021-05_SBF_VEFQX045QzE4XzE2MTk1MDk4NTEwMjU
954D,4-room,1,1,1,2021-05_SBF_VEFQX045QzE4XzE2MTk1MDk4NTEwMjU
951B,5-room,2,2,2,2021-05_SBF_VEFQX045QzE4XzE2MTk1MDk4NTEwMjU
951B,4-room,1,1,1,2021-05_SBF_VEFQX045QzE4XzE2MTk1MDk4NTEwMjU
952C,4-room,1,1,1,2021-05_SBF_VEFQX045QzE4XzE2MTk1MDk4NTEwMjU
119,4-room,1,1,1,2021-05_SBF_VEFQX04wQzNfMTYyMDIxMjEwMDEyOA
122,4-room,1,1,1,2021-05_SBF_VEFQX04wQzRfMTYyMDIxMjEwMDEyOA
117,2-room flexi,2,1,2,2021-05_SBF_VEFQX04xQzEzXzE2MjA0NTc1NjAxMDA
237,4-room,1,0,1,2021-05_SBF_VEFQX04yQzE0XzE2MjAyMTIxMDAwNjI
202,3-room,1,0,1,2021-05_SBF_VEFQX04yQzJBXzE2MjAyMTIxMDAwNjA
281,4-room,1,0,1,2021-05_SBF_VEFQX04yQzZfMTYyMDIxMjEwMDA2MQ
362,4-room,1,0,1,2021-05_SBF_VEFQX04zQzE0XzE2MjAyMTIxMDAwNjM
115,3-room,1,1,0,2021-05_SBF_VFBfTjdDN18xNjIwMjEyNDAwMjM2
20,3-room,1,1,1,2021-05_SBF_VFBfTjFDN18xNjIwMjEyNDAwMjEy
17,4-room,1,1,1,2021-05_SBF_VFBfTjhDNl8xNjIwMjEyNDAwMjM2
62B,2-room flexi,5,5,2,2021-05_SBF_VFBfTjJSQzMyXzE2MjAyMTI0MDAyMTQ
118A,3-room,2,2,2,2021-05_SBF_VFBfTjlDM18xNjE5NTA5ODU1NDE3
118A,4-room,1,1,1,2021-05_SBF_VFBfTjlDM18xNjE5NTA5ODU1NDE3
212D,5-room,1,1,1,2021-05_SBF_VFBfTjlDMTBfMTYxOTUwOTg1NTQ4MQ
212D,4-room,1,1,1,2021-05_SBF_VFBfTjlDMTBfMTYxOTUwOTg1NTQ4MQ
212C,5-room,1,1,1,2021-05_SBF_VFBfTjlDMTBfMTYxOTUwOTg1NTQ4MQ
213C,3-room,2,2,2,2021-05_SBF_VFBfTjlDMTBfMTYxOTUwOTg1NTQ4MQ
213C,2-room flexi,2,2,2,2021-05_SBF_VFBfTjlDMTBfMTYxOTUwOTg1NTQ4MQ
213C,4-room,1,1,1,2021-05_SBF_VFBfTjlDMTBfMTYxOTUwOTg1NTQ4MQ
212B,4-room,1,2,2,2021-05_SBF_VFBfTjlDMTBfMTYxOTUwOTg1NTQ4MQ
212A,3-room,2,2,2,2021-05_SBF_VFBfTjlDMTBfMTYxOTUwOTg1NTQ4MQ
212A,4-room,2,2,2,2021-05_SBF_VFBfTjlDMTBfMTYxOTUwOTg1NTQ4MQ
213B,3-room,1,1,1,2021-05_SBF_VFBfTjlDMTBfMTYxOTUwOTg1NTQ4MQ
213B,2-room flexi,5,6,6,2021-05_SBF_VFBfTjlDMTBfMTYxOTUwOTg1NTQ4MQ
213B,4-room,2,2,2,2021-05_SBF_VFBfTjlDMTBfMTYxOTUwOTg1NTQ4MQ
213A,2-room flexi,1,1,1,2021-05_SBF_VFBfTjlDMTBfMTYxOTUwOTg1NTQ4MQ
214B,4-room,1,1,1,2021-05_SBF_VFBfTjlDMTBfMTYxOTUwOTg1NTQ4MQ
214A,5-room,1,1,1,2021-05_SBF_VFBfTjlDMTBfMTYxOTUwOTg1NTQ4MQ
214A,4-room,2,2,2,2021-05_SBF_VFBfTjlDMTBfMTYxOTUwOTg1NTQ4MQ
215B,3-room,1,1,1,2021-05_SBF_VFBfTjlDMTBfMTYxOTUwOTg1NTQ4MQ
101A,3-room,2,2,2,2021-05_SBF_VFBfTjlDMV8xNjE5NTA5ODU1NDEz
101A,2-room flexi,3,3,3,2021-05_SBF_VFBfTjlDMV8xNjE5NTA5ODU1NDEz
102B,4-room,2,3,3,2021-05_SBF_VFBfTjlDMV8xNjE5NTA5ODU1NDEz
102A,2-room flexi,2,3,3,2021-05_SBF_VFBfTjlDMV8xNjE5NTA5ODU1NDEz
102A,4-room,1,1,1,2021-05_SBF_VFBfTjlDMV8xNjE5NTA5ODU1NDEz
104A,3-room,1,1,1,2021-05_SBF_VFBfTjlDMV8xNjE5NTA5ODU1NDEz
104A,2-room flexi,1,1,1,2021-05_SBF_VFBfTjlDMV8xNjE5NTA5ODU1NDEz
104A,4-room,1,1,1,2021-05_SBF_VFBfTjlDMV8xNjE5NTA5ODU1NDEz
105B,4-room,1,1,1,2021-05_SBF_VFBfTjlDNF8xNjIwMzYzNjAwNDMx
110B,4-room,0,1,1,2021-05_SBF_VFBfTjlDNi1DN18xNjE5NTA5ODU1NDQz
110A,3gen,1,1,1,2021-05_SBF_VFBfTjlDNi1DN18xNjE5NTA5ODU1NDQz
111B,2-room flexi,1,2,2,2021-05_SBF_VFBfTjlDNi1DN18xNjE5NTA5ODU1NDQz
111A,2-room flexi,3,3,3,2021-05_SBF_VFBfTjlDNi1DN18xNjE5NTA5ODU1NDQz
112B,4-room,0,1,1,2021-05_SBF_VFBfTjlDNi1DN18xNjE5NTA5ODU1NDQz
113B,3-room,1,1,1,2021-05_SBF_VFBfTjlDNi1DN18xNjE5NTA5ODU1NDQz
112A,2-room flexi,2,2,2,2021-05_SBF_VFBfTjlDNi1DN18xNjE5NTA5ODU1NDQz
112A,4-room,1,1,1,2021-05_SBF_VFBfTjlDNi1DN18xNjE5NTA5ODU1NDQz
114B,2-room flexi,1,1,1,2021-05_SBF_VFBfTjlDNi1DN18xNjE5NTA5ODU1NDQz
114B,4-room,1,1,1,2021-05_SBF_VFBfTjlDNi1DN18xNjE5NTA5ODU1NDQz
107A,3-room,1,1,1,2021-05_SBF_VFBfTjlDNi1DN18xNjE5NTA5ODU1NDQz
107A,4-room,1,1,1,2021-05_SBF_VFBfTjlDNi1DN18xNjE5NTA5ODU1NDQz
108A,4-room,1,1,1,2021-05_SBF_VFBfTjlDNi1DN18xNjE5NTA5ODU1NDQz
109B,5-room,1,1,1,2021-05_SBF_VFBfTjlDNi1DN18xNjE5NTA5ODU1NDQz
109B,4-room,1,1,1,2021-05_SBF_VFBfTjlDNi1DN18xNjE5NTA5ODU1NDQz
207D,3-room,1,1,1,2021-05_SBF_VFBfTjlDOF8xNjE5NTA5ODU1NDY1
207B,4-room,1,1,1,2021-05_SBF_VFBfTjlDOF8xNjE5NTA5ODU1NDY1
206A,4-room,1,1,1,2021-05_SBF_VFBfTjlDOF8xNjE5NTA5ODU1NDY1
131B,2-room flexi,0,1,1,2021-05_SBF_VFBfTjRDMjhfMTYyMDQ1Nzc0MDE3Ng
131A,2-room flexi,1,2,2,2021-05_SBF_VFBfTjRDMjhfMTYyMDQ1Nzc0MDE3Ng
161,2-room flexi,1,1,1,2021-05_SBF_VFBfTjRDMTRfMTYyMDIxMjQwMDIxNQ
403A,4-room,12,14,14,2021-05_SBF_VFBfTjRDMzBfMTYxOTUwOTg1NTA5OQ
403B,2-room flexi,4,8,8,2021-05_SBF_VFBfTjRDMzBfMTYxOTUwOTg1NTA5OQ
403B,4-room,5,9,9,2021-05_SBF_VFBfTjRDMzBfMTYxOTUwOTg1NTA5OQ
402A,3-room,3,4,4,2021-05_SBF_VFBfTjRDMzBfMTYxOTUwOTg1NTA5OQ
402A,2-room flexi,5,7,7,2021-05_SBF_VFBfTjRDMzBfMTYxOTUwOTg1NTA5OQ
402A,4-room,5,5,5,2021-05_SBF_VFBfTjRDMzBfMTYxOTUwOTg1NTA5OQ
402B,3-room,3,5,4,2021-05_SBF_VFBfTjRDMzBfMTYxOTUwOTg1NTA5OQ
402B,2-room flexi,8,12,10,2021-05_SBF_VFBfTjRDMzBfMTYxOTUwOTg1NTA5OQ
402B,4-room,5,7,7,2021-05_SBF_VFBfTjRDMzBfMTYxOTUwOTg1NTA5OQ
196,2-room flexi,2,2,2,2021-05_SBF_VFBfTjZDMjRfMTYyMDQ1Nzc0MDIxMg
265A,4-room,2,2,2,2021-05_SBF_VFBfTjZDMjVfMTYxOTUwOTg1NTI1OQ
266A,4-room,1,1,1,2021-05_SBF_VFBfTjZDMjVfMTYxOTUwOTg1NTI1OQ
267A,3-room,2,2,2,2021-05_SBF_VFBfTjZDMjVfMTYxOTUwOTg1NTI1OQ
267A,4-room,1,1,1,2021-05_SBF_VFBfTjZDMjVfMTYxOTUwOTg1NTI1OQ
270A,2-room flexi,9,19,17,2021-05_SBF_VFBfTjZDMjZBXzE2MTk1MDk4NTUyOTc
270A,4-room,4,9,8,2021-05_SBF_VFBfTjZDMjZBXzE2MTk1MDk4NTUyOTc
268A,4-room,10,26,26,2021-05_SBF_VFBfTjZDMjZBXzE2MTk1MDk4NTUyOTc
269A,4-room,12,28,27,2021-05_SBF_VFBfTjZDMjZBXzE2MTk1MDk4NTUyOTc
246,4-room,0,1,1,2021-05_SBF_VFBfTjZDMl8xNjIwMjEyNDAwMjE5
292B,4-room,1,1,1,2021-05_SBF_QkJfTjJDMjJfMTYxOTUwOTg0NzQzNg
293C,5-room,1,1,1,2021-05_SBF_QkJfTjJDMjJfMTYxOTUwOTg0NzQzNg
293D,4-room,1,1,1,2021-05_SBF_QkJfTjJDMjJfMTYxOTUwOTg0NzQzNg
618,4-room,1,1,1,2021-05_SBF_QlBfTjZDM18xNjE5NTA5ODQ4MzE3
344,5-room,1,1,1,2021-05_SBF_Q0NLX04zQzNfMTYyMDIxMDYwMDIxOQ
377A,5-room,2,2,2,2021-05_SBF_SEdfTjNDMTNfMTYyMDIxMDYwMDI3OA
377A,3gen,2,2,2,2021-05_SBF_SEdfTjNDMTNfMTYyMDIxMDYwMDI3OA
286B,executive,1,1,1,2021-05_SBF_SkVfTjJDMjJfMTYyMDIxMDYwMDI5NQ
237B,"3-room (income ceiling $7,000)",1,1,1,2021-05_SBF_SldfTjJDMjBfMTYxOTUwOTg0OTMwMA
237B,2-room flexi,1,1,1,2021-05_SBF_SldfTjJDMjBfMTYxOTUwOTg0OTMwMA
238B,"3-room (income ceiling $7,000)",2,2,2,2021-05_SBF_SldfTjJDMjBfMTYxOTUwOTg0OTMwMA
238B,2-room flexi,1,1,1,2021-05_SBF_SldfTjJDMjBfMTYxOTUwOTg0OTMwMA
238B,4-room,1,1,1,2021-05_SBF_SldfTjJDMjBfMTYxOTUwOTg0OTMwMA
237A,3gen,1,1,1,2021-05_SBF_SldfTjJDMjBfMTYxOTUwOTg0OTMwMA
238A,2-room flexi,3,3,3,2021-05_SBF_SldfTjJDMjBfMTYxOTUwOTg0OTMwMA
238A,4-room,1,1,1,2021-05_SBF_SldfTjJDMjBfMTYxOTUwOTg0OTMwMA
239A,4-room,1,1,1,2021-05_SBF_SldfTjJDMjBfMTYxOTUwOTg0OTMwMA
211D,2-room flexi,1,1,1,2021-05_SBF_UEdfUzJDMTRfMTYyMDQ1NzM4MDA1MA
211B,2-room flexi,1,1,1,2021-05_SBF_UEdfUzJDMTRfMTYyMDQ1NzM4MDA1MA
211A,2-room flexi,1,1,1,2021-05_SBF_UEdfUzJDMTRfMTYyMDQ1NzM4MDA1MA
333,executive,1,1,0,2021-05_SBF_U0JfTjNDMTRfMTYyMDIxMjEwMDA5NQ
274C,2-room flexi,1,1,1,2021-05_SBF_U0tfTjJDNDJfMTYyMDQ1NzU2MDA3MQ
278C,2-room flexi,1,1,1,2021-05_SBF_U0tfTjJDNDJfMTYyMDQ1NzU2MDA3MQ
131D,"3-room (income ceiling $7,000)",13,15,11,2021-05_SBF_VEdfRDFDM18xNjE5NTA5ODUxNTgx
131D,4-room,1,1,1,2021-05_SBF_VEdfRDFDM18xNjE5NTA5ODUxNTgx
131C,"3-room (income ceiling $7,000)",12,3,6,2021-05_SBF_VEdfRDFDM18xNjE5NTA5ODUxNTgx
131C,2-room flexi,28,11,10,2021-05_SBF_VEdfRDFDM18xNjE5NTA5ODUxNTgx
131C,4-room,1,1,1,2021-05_SBF_VEdfRDFDM18xNjE5NTA5ODUxNTgx
132C,2-room flexi,44,27,15,2021-05_SBF_VEdfRDFDM18xNjE5NTA5ODUxNTgx
131B,"3-room (income ceiling $7,000)",4,3,4,2021-05_SBF_VEdfRDFDM18xNjE5NTA5ODUxNTgx
131B,2-room flexi,16,12,8,2021-05_SBF_VEdfRDFDM18xNjE5NTA5ODUxNTgx
131A,5-room,1,1,1,2021-05_SBF_VEdfRDFDM18xNjE5NTA5ODUxNTgx
131A,4-room,2,2,2,2021-05_SBF_VEdfRDFDM18xNjE5NTA5ODUxNTgx
132B,5-room,8,8,8,2021-05_SBF_VEdfRDFDM18xNjE5NTA5ODUxNTgx
132B,3gen,8,8,8,2021-05_SBF_VEdfRDFDM18xNjE5NTA5ODUxNTgx
133C,2-room flexi,47,21,16,2021-05_SBF_VEdfRDFDM18xNjE5NTA5ODUxNTgx
133C,4-room,2,1,2,2021-05_SBF_VEdfRDFDM18xNjE5NTA5ODUxNTgx
133B,5-room,13,14,14,2021-05_SBF_VEdfRDFDM18xNjE5NTA5ODUxNTgx
133B,3gen,13,14,14,2021-05_SBF_VEdfRDFDM18xNjE5NTA5ODUxNTgx
132A,2-room flexi,23,13,16,2021-05_SBF_VEdfRDFDM18xNjE5NTA5ODUxNTgx
133A,5-room,7,7,7,2021-05_SBF_VEdfRDFDM18xNjE5NTA5ODUxNTgx
133A,3gen,7,7,7,2021-05_SBF_VEdfRDFDM18xNjE5NTA5ODUxNTgx
133A,4-room,1,1,1,2021-05_SBF_VEdfRDFDM18xNjE5NTA5ODUxNTgx
204,"3-room (income ceiling $7,000)",1,0,0,2021-05_SBF_V0xfTjJDOF8xNjIwMjEyNDAwMjYx
220,"3-room (income ceiling $7,000)",1,0,1,2021-05_SBF_WVNfTjJDNF8xNjIwMjE5NjAwMTAw
229,4-room,0,1,1,2021-05_SBF_QU1LX04yQzlfMTYyMDIxMDYwMDAyOQ
153C,4-room,1,1,1,2021-05_SBF_QkRfTjJDMTFfMTYxOTUwOTg0NzkzNQ
152B,2-room flexi,1,1,1,2021-05_SBF_QkRfTjJDMTFfMTYxOTUwOTg0NzkzNQ
152A,4-room,1,1,1,2021-05_SBF_QkRfTjJDMTFfMTYxOTUwOTg0NzkzNQ
153B,5-room,3,3,3,2021-05_SBF_QkRfTjJDMTFfMTYxOTUwOTg0NzkzNQ
153A,4-room,1,1,1,2021-05_SBF_QkRfTjJDMTFfMTYxOTUwOTg0NzkzNQ
154B,2-room flexi,3,3,3,2021-05_SBF_QkRfTjJDMTFfMTYxOTUwOTg0NzkzNQ
154A,2-room flexi,1,1,1,2021-05_SBF_QkRfTjJDMTFfMTYxOTUwOTg0NzkzNQ
127,4-room,1,1,1,2021-05_SBF_QkhfTjFDN0JfMTYyMDIxMDYwMDE3Mw
118,2-room flexi,5,5,5,2021-05_SBF_Qk1fTjZSQzQ4XzE2MjA0NTcwMjAxMjM
445A,4-room,0,2,2,2021-05_SBF_Q0xfTjRDMTFfMTYxOTUwOTg0ODcwOQ
445B,5-room,1,1,1,2021-05_SBF_Q0xfTjRDMTFfMTYxOTUwOTg0ODcwOQ
445B,4-room,2,2,2,2021-05_SBF_Q0xfTjRDMTFfMTYxOTUwOTg0ODcwOQ
38A,3-room,1,2,2,2021-05_SBF_R0xfTjVDMjZBXzE2MTk1MDk4NDg5MTg
37A,2-room flexi,2,2,2,2021-05_SBF_R0xfTjVDMjZBXzE2MTk1MDk4NDg5MTg
37B,4-room,1,1,1,2021-05_SBF_R0xfTjVDMjZBXzE2MTk1MDk4NDg5MTg
38C,2-room flexi,2,3,3,2021-05_SBF_R0xfTjVDMjZBXzE2MTk1MDk4NDg5MTg
37C,4-room,0,1,1,2021-05_SBF_R0xfTjVDMjZBXzE2MTk1MDk4NDg5MTg
20A,4-room,2,3,3,2021-05_SBF_S1dOX04zQzU3XzE2MTk1MDk4NDk0NjI
20B,3-room,4,4,4,2021-05_SBF_S1dOX04zQzU3XzE2MTk1MDk4NDk0NjI
20B,4-room,3,3,3,2021-05_SBF_S1dOX04zQzU3XzE2MTk1MDk4NDk0NjI
62,4-room,0,1,1,2021-05_SBF_TVBfTjJDMTBfMTYyMDIxMDYwMDM2Mg
580,executive,1,1,1,2021-05_SBF_UFJDX041QzEyXzE2MjAyMTE4MDAxNDE
43A,3-room,1,1,1,2021-05_SBF_UVRfTjFDNF8xNjE5NTA5ODUwMTI1
43A,2-room flexi,1,1,1,2021-05_SBF_UVRfTjFDNF8xNjE5NTA5ODUwMTI1
43A,4-room,0,1,1,2021-05_SBF_UVRfTjFDNF8xNjE5NTA5ODUwMTI1
41A,2-room flexi,1,1,1,2021-05_SBF_UVRfTjFDNF8xNjE5NTA5ODUwMTI1
40A,4-room,1,1,1,2021-05_SBF_UVRfTjFDNF8xNjE5NTA5ODUwMTI1
40B,3-room,1,1,1,2021-05_SBF_UVRfTjFDNF8xNjE5NTA5ODUwMTI1
40B,2-room flexi,1,1,1,2021-05_SBF_UVRfTjFDNF8xNjE5NTA5ODUwMTI1
228,4-room,0,1,1,2021-05_SBF_U0dOX04yQzFfMTYyMDIxMjEwMDA5Ng
858C,5-room,1,1,1,2021-05_SBF_VEFQX044QzMxXzE2MTk1MDk4NTA5ODA
858C,3-room,1,1,1,2021-05_SBF_VEFQX044QzMxXzE2MTk1MDk4NTA5ODA
858C,2-room flexi,3,3,3,2021-05_SBF_VEFQX044QzMxXzE2MTk1MDk4NTA5ODA
859D,5-room,1,1,1,2021-05_SBF_VEFQX044QzMxXzE2MTk1MDk4NTA5ODA
858D,5-room,2,2,2,2021-05_SBF_VEFQX044QzMxXzE2MTk1MDk4NTA5ODA
858D,4-room,1,1,1,2021-05_SBF_VEFQX044QzMxXzE2MTk1MDk4NTA5ODA
860D,3-room,3,3,3,2021-05_SBF_VEFQX044QzMxXzE2MTk1MDk4NTA5ODA
860D,5-room,1,1,1,2021-05_SBF_VEFQX044QzMxXzE2MTk1MDk4NTA5ODA
859C,3-room,1,1,1,2021-05_SBF_VEFQX044QzMxXzE2MTk1MDk4NTA5ODA
859C,2-room flexi,3,3,3,2021-05_SBF_VEFQX044QzMxXzE2MTk1MDk4NTA5ODA
859C,4-room,1,1,1,2021-05_SBF_VEFQX044QzMxXzE2MTk1MDk4NTA5ODA
263,4-room,1,1,1,2021-05_SBF_VFBfTjJDMjNBXzE2MTk1MDk4NTQ4OTU
